"TOA5","CR6_SUNP","CR6","15724","CR6.Std.11.00","CPU:Sunapee_CRbasic_21May21.CR6","57318","SUNP_buoy_wq"
"TIMESTAMP","RECORD","BattV","PTemp_C","Radio_bat","wtr_surface","wtr_1","wtr_2","wtr_3","wtr_4","wtr_5","wtr_6","wtr_7","wtr_8","wtr_9","wtr_10","EXO_Date","EXO_Time","EXO_wtr","Cond","SpCond","TDS","dosat_1","doobs_1","Chla_RFU_1","Chla_1","BGAPC_RFU_1","BGAPC_1","fDOM_RFU_1","fDOM_QSU_1","EXO_pressure","EXO_depth","EXO_battery","EXO_cablepower","EXO_wiper","dotemp","dosat","doobs"
"TS","RN","Volts","Deg C","Volts","°C","°C","°C","°C","°C","°C","°C","°C","°C","°C","°C","","","","","","","","","","","","","","","","","","","","Deg C","%","mg/L"
"","","Smp","Smp","Smp","Smp","Smp","Smp","Smp","Smp","Smp","Smp","Smp","Smp","Smp","Smp","Smp","Smp","Smp","Smp","Smp","Smp","Smp","Smp","Smp","Smp","Smp","Smp","Smp","Smp","Smp","Smp","Smp","Smp","Smp","Smp","Smp","Smp"
"2021-05-21 17:50:00",2,12.53,20.62,12.33,18.61865,18.98712,19.34484,18.98882,18.8717,19.54586,20.38717,20.21408,20.67074,23.48239,24.23681,210521,184925,0,0,0,0,0,0,0,0,0,0,0,0,0,-0.001,6.42,11.59,0,25.44386,101.3307,8.304802
"2021-05-21 18:00:00",3,12.52,20.27,12.28,18.37515,18.54083,18.82125,18.53716,18.37997,18.9971,19.63995,19.0913,19.51672,22.13995,22.87478,210521,185925,0,0,0,0,0,0,0,0,0,0,0,0,0,0,6.42,11.57,0,23.46202,101.5575,8.635487
"2021-05-21 18:10:00",4,12.5,20,12.28,18.22656,18.21304,18.35815,18.12686,18.01339,18.5498,19.00131,18.37579,18.76898,20.99972,21.52313,210521,190925,0,0,0,0,0,0,0,0,0,0,0,0,0,-0.001,6.42,11.57,0,22.04585,101.3826,8.856243
"2021-05-21 18:20:00",5,12.53,19.75,12.29,17.98409,17.86593,17.85894,17.81191,17.70431,18.20519,18.47332,17.79446,18.23998,20.18182,20.6892,210521,191925,0,0,0,0,0,0,0,0,0,0,0,0,0,-0.001,6.42,11.57,0,20.86282,101.5689,9.07875
"2021-05-21 18:30:00",6,12.49,19.58,12.3,17.81549,17.63851,17.63387,17.61285,17.47997,17.95611,18.10809,17.45452,17.90704,19.55081,20.07998,210521,192925,0,0,0,0,0,0,0,0,0,0,0,0,0,-0.002,6.42,11.57,0,20.02473,101.9359,9.26347
"2021-05-21 18:40:00",7,12.53,19.45,12.28,17.6574,17.44094,17.39565,17.42431,17.3066,17.75189,17.83764,17.20397,17.67877,19.05486,19.59612,210521,193925,0,0,0,0,0,0,0,0,0,0,0,0,0,-0.002,6.42,11.57,0,19.40321,102.0188,9.38677
"2021-05-21 18:50:00",8,12.53,19.32,12.29,17.54553,17.30032,17.23922,17.27896,17.1845,17.6123,17.63516,17.04086,17.51058,18.62911,19.21362,210521,194925,0,0,0,0,0,0,0,0,0,0,0,0,0,-0.001,6.42,11.57,0,18.95553,101.907,9.46137
"2021-05-21 19:00:00",9,12.52,19.21,12.27,17.43215,17.14959,17.03677,17.2055,17.09924,17.49944,17.47729,16.90365,17.39245,18.41226,18.90139,210521,195925,0,0,0,0,0,0,0,0,0,0,0,0,0,-0.001,6.42,11.57,0,18.591,102.1163,9.5511
"2021-05-21 19:10:00",10,12.52,19.15,12.27,17.32128,17.02316,16.89575,17.13717,17.02456,17.41357,17.34512,16.79067,17.29486,18.21578,18.65008,210521,200925,0,0,0,0,0,0,0,0,0,0,0,0,0,0,6.42,11.57,0,18.30234,101.9758,9.59422
"2021-05-21 19:20:00",11,12.52,19.06,12.27,17.23242,16.92117,16.76003,17.0563,16.9573,17.33917,17.1961,16.67575,17.20477,18.00662,18.44241,210521,201925,0,0,0,0,0,0,0,0,0,0,0,0,0,0,6.42,11.56,0,18.0351,102.2232,9.67024
"2021-05-21 19:30:00",12,12.51,18.98,12.28,17.18716,16.85986,16.70452,17.00018,16.90066,17.25442,17.09698,16.62536,17.14196,17.88784,18.26388,210521,202925,0,0,0,0,0,0,0,0,0,0,0,0,0,0.001,6.42,11.56,0,17.87847,102.0965,9.6894
"2021-05-21 19:40:00",13,12.5,18.97,12.26,17.17675,16.83502,16.71957,16.95083,16.88021,17.20226,17.10501,16.63867,17.10452,17.76663,18.11309,210521,203925,0,0,0,0,0,0,0,0,0,0,0,0,0,0.002,6.42,11.56,0,17.76802,102.0372,9.70582
"2021-05-21 19:50:00",14,12.48,18.99,12.28,17.15597,16.83178,16.7033,16.96618,16.85937,17.17031,17.09628,16.65811,17.10226,17.73623,17.99227,210521,204925,0,0,0,0,0,0,0,0,0,0,0,0,0,0.002,6.42,11.56,0,17.67837,101.9784,9.71815
"2021-05-21 20:00:00",15,12.51,19,12.27,17.15277,16.84704,16.7456,16.9595,16.84747,17.13796,17.09704,16.68405,17.09442,17.68603,17.89169,210521,205925,0,0,0,0,0,0,0,0,0,0,0,0,0,0.003,6.42,11.56,0,17.60252,102.0041,9.73584
"2021-05-21 20:10:00",16,12.52,19.01,12.26,17.14993,16.84963,16.78515,16.94662,16.84561,17.11874,17.12496,16.70165,17.08947,17.63525,17.81109,210521,210925,0,0,0,0,0,0,0,0,0,0,0,0,0.01,0.004,6.42,11.56,0,17.56416,102.0071,9.74384
"2021-05-21 20:20:00",17,12.49,19.01,12.26,17.12704,16.83184,16.73623,16.9378,16.82452,17.10259,17.11001,16.677,17.07684,17.63412,17.74706,210521,211925,0,0,0,0,0,0,0,0,0,0,0,0,0.01,0.004,6.42,11.56,0,17.49989,101.9701,9.75327
"2021-05-21 20:30:00",18,12.5,19,12.25,17.10449,16.79809,16.69564,16.9125,16.8009,17.09112,17.09554,16.62838,17.05233,17.61154,17.68963,210521,212925,0,0,0,0,0,0,0,0,0,0,0,0,0,0.003,6.42,11.55,0,17.43324,101.9169,9.76164
"2021-05-21 20:40:00",19,12.49,18.99,12.26,17.09051,16.76901,16.65939,16.89559,16.77148,17.08142,17.06121,16.61724,17.03393,17.59359,17.64089,210521,213925,0,0,0,0,0,0,0,0,0,0,0,0,0.01,0.004,6.42,11.55,0,17.37209,101.8849,9.77096
"2021-05-21 20:50:00",20,12.5,18.97,12.25,17.07977,16.75701,16.67211,16.88055,16.7442,17.00631,17.05352,16.62527,17.01052,17.50125,17.59591,210521,214925,0,0,0,0,0,0,0,0,0,0,0,0,0.01,0.004,6.42,11.55,0,17.36376,101.9998,9.78368
"2021-05-21 21:00:00",21,12.49,18.94,12.25,17.03808,16.71633,16.62008,16.85592,16.72647,16.99566,17.02978,16.59484,16.98748,17.50546,17.55429,210521,215925,0,0,0,0,0,0,0,0,0,0,0,0,0,0.003,6.42,11.55,0,17.32193,101.9579,9.78815
"2021-05-21 21:10:00",22,12.49,18.93,12.25,17.00256,16.67657,16.55401,16.82681,16.7051,16.98318,16.98467,16.53958,16.96261,17.49822,17.52279,210521,220925,0,0,0,0,0,0,0,0,0,0,0,0,0,0.002,6.42,11.55,0,17.25749,101.989,9.80425
"2021-05-21 21:20:00",23,12.48,18.91,12.24,16.99368,16.65402,16.552,16.80261,16.68435,16.96365,16.9476,16.49673,16.93298,17.44537,17.4898,210521,221925,0,0,0,0,0,0,0,0,0,0,0,0,0,0.001,6.42,11.55,0,17.23173,102.0422,9.81461
"2021-05-21 21:30:00",24,12.51,18.88,12.24,16.95779,16.61962,16.51437,16.77505,16.65957,16.94015,16.92413,16.46346,16.90411,17.41192,17.45663,210521,222925,0,0,0,0,0,0,0,0,0,0,0,0,0,0,6.42,11.55,0,17.20419,101.8844,9.80504
"2021-05-21 21:40:00",25,12.49,18.85,12.24,16.9269,16.5957,16.49423,16.74758,16.6372,16.92489,16.89398,16.43902,16.8778,17.39788,17.42959,210521,223925,0,0,0,0,0,0,0,0,0,0,0,0,0,0,6.42,11.55,0,17.16027,101.953,9.8206
"2021-05-21 21:50:00",26,12.5,18.83,12.25,16.90283,16.56024,16.41836,16.73629,16.60989,16.91262,16.85409,16.41857,16.85391,17.39352,17.40139,210521,224925,0,0,0,0,0,0,0,0,0,0,0,0,0,-0.001,6.42,11.54,0,17.13436,101.9827,9.82877
"2021-05-21 22:00:00",27,12.49,18.81,12.24,16.87109,16.52346,16.38696,16.69747,16.58956,16.88876,16.80718,16.37451,16.82772,17.35354,17.37399,210521,225925,0,0,0,0,0,0,0,0,0,0,0,0,0,-0.002,6.42,11.55,0,17.09789,101.8433,9.82279
"2021-05-21 22:10:00",28,12.49,18.79,12.23,16.82495,16.47515,16.31555,16.68942,16.57076,16.87664,16.76617,16.32714,16.80596,17.37081,17.35015,210521,230925,0,0,0,0,0,0,0,0,0,0,0,0,0,-0.002,6.42,11.55,0,17.0535,101.8892,9.83633
"2021-05-21 22:20:00",29,12.49,18.76,12.24,16.79897,16.44406,16.25994,16.66653,16.53951,16.85327,16.721,16.28759,16.77664,17.3294,17.32699,210521,231925,0,0,0,0,0,0,0,0,0,0,0,0,0,-0.003,6.42,11.55,0,17.0082,101.9524,9.85174
"2021-05-21 22:30:00",30,12.49,18.71,12.23,16.78268,16.4143,16.25576,16.61639,16.51135,16.82128,16.67541,16.25396,16.74966,17.27728,17.30206,210521,232925,0,0,0,0,0,0,0,0,0,0,0,0,0,-0.003,6.42,11.54,0,16.96679,101.9935,9.86422
"2021-05-21 22:40:00",31,12.49,18.68,12.23,16.72991,16.34985,16.11868,16.57998,16.49276,16.81323,16.61285,16.17089,16.70016,17.26037,17.27892,210521,233925,0,0,0,0,0,0,0,0,0,0,0,0,0,-0.003,6.42,11.55,0,16.90406,101.9728,9.87514
"2021-05-21 22:50:00",32,12.48,18.62,12.23,16.66848,16.29598,16.02099,16.53668,16.45715,16.78747,16.5361,16.08322,16.648,17.24398,17.25338,210521,234925,0,0,0,0,0,0,0,0,0,0,0,0,0,-0.003,6.42,11.54,0,16.85206,101.9443,9.88314
"2021-05-21 23:00:00",33,12.47,18.56,12.24,16.65563,16.24508,15.96505,16.47839,16.42846,16.74627,16.47247,16.0274,16.59533,17.17825,17.22567,210521,235925,0,0,0,0,0,0,0,0,0,0,0,0,-0.01,-0.004,6.42,11.54,0,16.806,102.0365,9.90161
"2021-05-21 23:10:00",34,12.48,18.5,12.22,16.61434,16.17602,15.91024,16.42944,16.3908,16.7069,16.4165,15.95309,16.5368,17.14388,17.19409,210522,925,0,0,0,0,0,0,0,0,0,0,0,0,-0.01,-0.005,6.42,11.54,0,16.73951,102.0867,9.9203
"2021-05-21 23:20:00",35,12.48,18.46,12.22,16.56674,16.10519,15.82321,16.36535,16.35156,16.6542,16.34548,15.87054,16.47573,17.06747,17.16085,210522,1925,0,0,0,0,0,0,0,0,0,0,0,0,-0.01,-0.006,6.42,11.54,0,16.67777,102.0839,9.93288
"2021-05-21 23:30:00",36,12.48,18.41,12.22,16.51858,16.05419,15.73031,16.31484,16.3096,16.60736,16.27432,15.77874,16.42703,17.0155,17.12658,210522,2925,0,0,0,0,0,0,0,0,0,0,0,0,-0.01,-0.006,6.42,11.53,0,16.6296,102.1187,9.9463
"2021-05-21 23:40:00",37,12.47,18.36,12.22,16.47805,16.0025,15.66674,16.26757,16.26415,16.56399,16.21157,15.7322,16.38253,16.95202,17.0931,210522,3925,0,0,0,0,0,0,0,0,0,0,0,0,-0.01,-0.006,6.42,11.54,0,16.58143,101.9919,9.94401
"2021-05-21 23:50:00",38,12.49,18.31,12.22,16.43908,15.95098,15.61996,16.23083,16.23248,16.5198,16.15746,15.68795,16.341,16.90847,17.05538,210522,4925,0,0,0,0,0,0,0,0,0,0,0,0,-0.01,-0.008,6.42,11.53,0,16.53919,102.0171,9.95531
"2021-05-22 00:00:00",39,12.49,18.28,12.21,16.41506,15.91149,15.60516,16.20407,16.19872,16.48611,16.1159,15.65731,16.29922,16.86691,17.01849,210522,5925,0,0,0,0,0,0,0,0,0,0,0,0,-0.01,-0.01,6.42,11.53,0,16.49593,102.053,9.96788
"2021-05-22 00:10:00",40,12.49,18.25,12.23,16.37948,15.87771,15.58227,16.16644,16.1636,16.44952,16.07461,15.61923,16.27883,16.84039,16.98248,210522,10925,0,0,0,0,0,0,0,0,0,0,0,0,-0.02,-0.011,6.42,11.53,0,16.45176,102.0149,9.97342
"2021-05-22 00:20:00",41,12.48,18.18,12.21,16.31439,15.80291,15.47601,16.1076,16.11813,16.41534,16.01959,15.51989,16.22949,16.76309,16.94595,210522,11925,0,0,0,0,0,0,0,0,0,0,0,0,-0.02,-0.013,6.42,11.53,0,16.40519,102.1231,9.9938
"2021-05-22 00:30:00",42,12.49,18.16,12.21,16.29299,15.76263,15.45016,16.07128,16.08099,16.37448,15.97457,15.50085,16.18728,16.74197,16.90924,210522,12925,0,0,0,0,0,0,0,0,0,0,0,0,-0.02,-0.015,6.42,11.53,0,16.38235,101.9907,9.98565
"2021-05-22 00:40:00",43,12.49,18.15,12.21,16.26641,15.73187,15.41558,16.05285,16.05996,16.34289,15.95043,15.48571,16.16555,16.70474,16.8742,210522,13925,0,0,0,0,0,0,0,0,0,0,0,0,-0.02,-0.016,6.42,11.52,0,16.35712,101.8731,9.97945
"2021-05-22 00:50:00",44,12.49,18.12,12.2,16.2358,15.71505,15.40743,16.02642,16.03192,16.3218,15.91415,15.46679,16.13449,16.66961,16.83944,210522,14925,0,0,0,0,0,0,0,0,0,0,0,0,-0.02,-0.016,6.42,11.54,0,16.32066,101.951,9.99478
"2021-05-22 01:00:00",45,12.48,18.08,12.2,16.21707,15.68441,15.3677,16.00762,16.00604,16.29037,15.8814,15.43658,16.1,16.64211,16.80715,210522,15925,0,0,0,0,0,0,0,0,0,0,0,0,-0.03,-0.018,6.42,11.53,0,16.29305,101.9631,10.00179
"2021-05-22 01:10:00",46,12.48,18.06,12.2,16.17211,15.64846,15.33453,15.97909,15.98156,16.26162,15.85461,15.39147,16.08044,16.60497,16.77636,210522,20925,0,0,0,0,0,0,0,0,0,0,0,0,-0.03,-0.018,6.42,11.53,0,16.24944,102.026,10.01717
"2021-05-22 01:20:00",47,12.49,18.04,12.21,16.15536,15.62203,15.32974,15.93713,15.9551,16.22714,15.82781,15.36044,16.04882,16.57217,16.74594,210522,21925,0,0,0,0,0,0,0,0,0,0,0,0,-0.03,-0.019,6.42,11.53,0,16.22657,102.0199,10.02142
"2021-05-22 01:30:00",48,12.49,18.01,12.19,16.12951,15.59188,15.28829,15.90652,15.92114,16.20092,15.79547,15.32382,16.02773,16.54525,16.71789,210522,22925,0,0,0,0,0,0,0,0,0,0,0,0,-0.03,-0.02,6.42,11.53,0,16.19058,101.7923,10.00667
"2021-05-22 01:40:00",49,12.49,17.99,12.19,16.08074,15.5491,15.23315,15.8861,15.89544,16.17556,15.76339,15.29037,15.99755,16.52267,16.69094,210522,23925,0,0,0,0,0,0,0,0,0,0,0,0,-0.03,-0.021,6.42,11.53,0,16.15786,101.9181,10.02598
"2021-05-22 01:50:00",50,12.46,17.96,12.19,16.06411,15.5382,15.19918,15.8609,15.86932,16.14498,15.72762,15.25607,15.96569,16.48626,16.66192,210522,24925,0,0,0,0,0,0,0,0,0,0,0,0,-0.03,-0.022,6.42,11.53,0,16.14127,101.8645,10.02424
"2021-05-22 02:00:00",51,12.48,17.94,12.19,16.05007,15.51245,15.182,15.82144,15.84674,16.11154,15.69863,15.23324,15.93331,16.43984,16.63272,210522,25925,0,0,0,0,0,0,0,0,0,0,0,0,-0.03,-0.022,6.42,11.53,0,16.093,101.8629,10.03433
"2021-05-22 02:10:00",52,12.45,17.9,12.19,16.01483,15.48544,15.17321,15.80456,15.80908,16.08731,15.67135,15.21627,15.91686,16.41165,16.60409,210522,30925,0,0,0,0,0,0,0,0,0,0,0,0,-0.03,-0.023,6.42,11.52,0,16.06834,101.6362,10.01723
"2021-05-22 02:20:00",53,12.45,17.88,12.18,15.98147,15.44772,15.13369,15.7828,15.7781,16.06335,15.6408,15.18402,15.89269,16.41226,16.57394,210522,31925,0,0,0,0,0,0,0,0,0,0,0,0,-0.03,-0.024,6.42,11.52,0,16.04695,101.9584,10.05354
"2021-05-22 02:30:00",54,12.46,17.89,12.2,16.01049,15.46798,15.25952,15.81994,15.77838,16.01348,15.6444,15.25585,15.90261,16.35674,16.54348,210522,32925,0,0,0,0,0,0,0,0,0,0,0,0,-0.04,-0.025,6.42,11.52,0,16.06834,101.6918,10.02271
"2021-05-22 02:40:00",55,12.46,18.16,12.18,16.09637,15.65862,15.51541,15.94805,15.82232,16.03274,15.82101,15.52023,15.97647,16.46749,16.50817,210522,33925,0,0,0,0,0,0,0,0,0,0,0,0,-0.04,-0.027,6.42,11.52,0,16.22987,101.5695,9.97648
"2021-05-22 02:50:00",56,12.46,18.37,12.18,16.17413,15.81921,15.67581,16.06695,15.89028,16.07531,16.0082,15.73293,16.07299,16.60235,16.48849,210522,34925,0,0,0,0,0,0,0,0,0,0,0,0,-0.04,-0.028,6.42,11.53,0,16.31351,101.3016,9.93261
"2021-05-22 03:00:00",57,12.49,18.53,12.18,16.2427,15.93087,15.79211,16.15521,15.95715,16.12905,16.1321,15.89471,16.15261,16.68914,16.47668,210522,35925,0,0,0,0,0,0,0,0,0,0,0,0,-0.04,-0.028,6.42,11.53,0,16.35935,101.0875,9.90204
"2021-05-22 03:10:00",58,12.47,18.66,12.18,16.30026,15.99914,15.87203,16.22473,16.01162,16.17947,16.23504,15.99136,16.20901,16.77609,16.47265,210522,40925,0,0,0,0,0,0,0,0,0,0,0,0,-0.04,-0.028,6.42,11.53,0,16.40369,101.0663,9.89069
"2021-05-22 03:20:00",59,12.44,18.75,12.18,16.34884,16.03686,15.92571,16.27352,16.05114,16.21743,16.3103,16.05709,16.2506,16.85464,16.47323,210522,41925,0,0,0,0,0,0,0,0,0,0,0,0,-0.04,-0.029,6.42,11.53,0,16.41712,101.061,9.88738
"2021-05-22 03:30:00",60,12.44,18.83,12.17,16.39001,16.06314,15.9746,16.30731,16.07733,16.25588,16.37017,16.08267,16.28173,16.91842,16.47491,210522,42925,0,0,0,0,0,0,0,0,0,0,0,0,-0.04,-0.03,6.42,11.52,0,16.42682,101.1289,9.892
"2021-05-22 03:40:00",61,12.44,18.91,12.18,16.41885,16.0931,16.00588,16.32955,16.09731,16.28012,16.41317,16.11563,16.30535,16.97445,16.47845,210522,43925,0,0,0,0,0,0,0,0,0,0,0,0,-0.04,-0.03,6.42,11.52,0,16.44653,101.1324,9.88824
"2021-05-22 03:50:00",62,12.46,18.97,12.17,16.4425,16.11978,16.03845,16.34484,16.1134,16.29592,16.45178,16.13427,16.32412,17.01165,16.48242,210522,44925,0,0,0,0,0,0,0,0,0,0,0,0,-0.04,-0.031,6.42,11.52,0,16.4522,101.1135,9.8852
"2021-05-22 04:00:00",63,12.45,19,12.17,16.46023,16.13638,16.05969,16.35748,16.12506,16.30609,16.47186,16.15103,16.33566,17.03744,16.48727,210522,45925,0,0,0,0,0,0,0,0,0,0,0,0,-0.05,-0.032,6.42,11.51,0,16.46146,100.9862,9.87085
"2021-05-22 04:10:00",64,12.44,19.04,12.17,16.47289,16.1509,16.08138,16.36691,16.13445,16.32257,16.4956,16.18023,16.34515,17.06625,16.49236,210522,50925,0,0,0,0,0,0,0,0,0,0,0,0,-0.05,-0.033,6.42,11.51,0,16.47234,101.0894,9.87867
"2021-05-22 04:20:00",65,12.44,19.06,12.18,16.47988,16.1755,16.10259,16.37655,16.14187,16.33358,16.51577,16.18792,16.35195,17.08544,16.49664,210522,51925,0,0,0,0,0,0,0,0,0,0,0,0,-0.05,-0.034,6.42,11.52,0,16.47369,101.1576,9.88505
"2021-05-22 04:30:00",66,12.46,19.08,12.16,16.48767,16.18832,16.12145,16.38119,16.14877,16.3468,16.52654,16.20187,16.35516,17.09652,16.4988,210522,52925,0,0,0,0,0,0,0,0,0,0,0,0,-0.05,-0.033,6.42,11.52,0,16.47414,101.1452,9.88374
"2021-05-22 04:40:00",67,12.45,19.12,12.17,16.48767,16.19357,16.13519,16.38122,16.15515,16.35324,16.53744,16.21423,16.35732,17.1062,16.50146,210522,53925,0,0,0,0,0,0,0,0,0,0,0,0,-0.05,-0.033,6.42,11.51,0,16.47637,101.1018,9.87903
"2021-05-22 04:50:00",68,12.45,19.15,12.17,16.49136,16.21401,16.14852,16.38104,16.15988,16.36453,16.53976,16.23055,16.35839,17.1101,16.50289,210522,54925,0,0,0,0,0,0,0,0,0,0,0,0,-0.05,-0.033,6.42,11.52,0,16.47802,101.1533,9.88371
"2021-05-22 05:00:00",69,12.46,19.18,12.17,16.4959,16.22222,16.15981,16.38116,16.16455,16.36776,16.55581,16.24185,16.35885,17.12197,16.50414,210522,55925,0,0,0,0,0,0,0,0,0,0,0,0,-0.05,-0.034,6.42,11.51,0,16.48951,100.9405,9.86055
"2021-05-22 05:10:00",70,12.45,19.2,12.17,16.50112,16.22875,16.16885,16.38098,16.17004,16.37496,16.55462,16.26098,16.35964,17.12756,16.50189,210522,60925,0,0,0,0,0,0,0,0,0,0,0,0,-0.05,-0.034,6.42,11.52,0,16.49443,101.0895,9.8741
"2021-05-22 05:20:00",71,12.45,19.23,12.17,16.50427,16.24206,16.17895,16.38244,16.17632,16.37655,16.56759,16.27023,16.36212,17.1368,16.50054,210522,61925,0,0,0,0,0,0,0,0,0,0,0,0,-0.05,-0.034,6.42,11.52,0,16.49354,101.1448,9.87968
"2021-05-22 05:30:00",72,12.45,19.25,12.16,16.5104,16.2532,16.18673,16.38522,16.18395,16.38113,16.57998,16.2868,16.36639,17.14828,16.49932,210522,62925,0,0,0,0,0,0,0,0,0,0,0,0,-0.05,-0.034,6.42,11.51,0,16.49458,101.0322,9.86845
"2021-05-22 05:40:00",73,12.45,19.27,12.15,16.51513,16.27822,16.19387,16.38824,16.1929,16.38662,16.59158,16.30209,16.37136,17.14654,16.49621,210522,63925,0,0,0,0,0,0,0,0,0,0,0,0,-0.05,-0.034,6.42,11.51,0,16.49503,100.9188,9.8573
"2021-05-22 05:50:00",74,12.45,19.29,12.15,16.51736,16.29125,16.20233,16.38879,16.19869,16.38915,16.60024,16.30926,16.37481,17.16229,16.49615,210522,64925,0,0,0,0,0,0,0,0,0,0,0,0,-0.05,-0.034,6.42,11.51,0,16.49667,101.0429,9.86906
"2021-05-22 06:00:00",75,12.45,19.28,12.16,16.5267,16.2955,16.21227,16.3908,16.20324,16.38998,16.60562,16.31927,16.3771,17.16445,16.4924,210522,65925,0,0,0,0,0,0,0,0,0,0,0,0,-0.05,-0.034,6.42,11.51,0,16.49786,100.9922,9.86386
"2021-05-22 06:10:00",76,12.45,19.27,12.16,16.52529,16.32101,16.21771,16.38888,16.208,16.39367,16.59844,16.3363,16.37643,17.17199,16.49108,210522,70925,0,0,0,0,0,0,0,0,0,0,0,0,-0.05,-0.034,6.42,11.5,0,16.50877,101.1513,9.87713
"2021-05-22 06:20:00",77,12.45,19.28,12.15,16.52423,16.35394,16.2257,16.38684,16.21276,16.38735,16.60461,16.33953,16.37557,17.16461,16.49276,210522,71925,0,0,0,0,0,0,0,0,0,0,0,0,-0.05,-0.034,6.42,11.51,0,16.51637,100.8988,9.85091
"2021-05-22 06:30:00",78,12.45,19.28,12.15,16.52816,16.3673,16.24023,16.38543,16.2221,16.39837,16.61828,16.35223,16.37747,17.16714,16.49371,210522,72925,0,0,0,0,0,0,0,0,0,0,0,0,-0.05,-0.035,6.42,11.5,0,16.51757,101.2473,9.88468
"2021-05-22 06:40:00",79,12.45,19.34,12.15,16.53283,16.36639,16.25326,16.389,16.22689,16.4017,16.63162,16.36062,16.38009,17.17846,16.49005,210522,73925,0,0,0,0,0,0,0,0,0,0,0,0,-0.05,-0.036,6.42,11.5,0,16.5201,101.1435,9.87401
"2021-05-22 06:50:00",80,12.45,19.36,12.15,16.53655,16.36331,16.26348,16.39395,16.23251,16.40325,16.64523,16.37448,16.38241,17.18612,16.49102,210522,74925,0,0,0,0,0,0,0,0,0,0,0,0,-0.05,-0.037,6.42,11.5,0,16.5286,101.3054,9.88805
"2021-05-22 07:00:00",81,12.45,19.37,12.15,16.54174,16.37423,16.2741,16.40026,16.23873,16.40396,16.65673,16.38833,16.38757,17.19814,16.49236,210522,75925,0,0,0,0,0,0,0,0,0,0,0,0,-0.05,-0.037,6.42,11.5,0,16.5395,101.1257,9.86826
"2021-05-22 07:10:00",82,12.45,19.37,12.14,16.54653,16.38192,16.28521,16.40597,16.24529,16.40185,16.6769,16.39538,16.39129,17.20538,16.49462,210522,80925,0,0,0,0,0,0,0,0,0,0,0,0,-0.05,-0.038,6.42,11.5,0,16.54025,101.1708,9.87249
"2021-05-22 07:20:00",83,12.44,19.37,12.14,16.55151,16.39614,16.30041,16.41177,16.2564,16.41061,16.69183,16.42028,16.39471,17.21569,16.4981,210522,81925,0,0,0,0,0,0,0,0,0,0,0,0,-0.06,-0.039,6.42,11.5,0,16.55053,101.193,9.87253
"2021-05-22 07:30:00",84,12.44,19.38,12.13,16.55813,16.40887,16.32,16.41741,16.26699,16.41342,16.7167,16.43652,16.39837,17.22936,16.50134,210522,82925,0,0,0,0,0,0,0,0,0,0,0,0,-0.06,-0.04,6.42,11.5,0,16.56202,101.1937,9.87021
"2021-05-22 07:40:00",85,12.43,19.33,12.13,16.53658,16.43307,16.23647,16.39694,16.27612,16.43237,16.71896,16.39492,16.39968,17.2134,16.51394,210522,83925,0,0,0,0,0,0,0,0,0,0,0,0,-0.06,-0.041,6.42,11.49,0,16.5398,101.3587,9.89093
"2021-05-22 07:50:00",86,12.45,19.03,12.14,16.45565,16.30303,16.03488,16.33126,16.23113,16.42016,16.58203,16.16345,16.34921,17.13021,16.53018,210522,84925,0,0,0,0,0,0,0,0,0,0,0,0,-0.06,-0.041,6.42,11.49,0,16.45458,101.5123,9.92371
"2021-05-22 08:00:00",87,12.45,18.83,12.13,16.37499,16.17892,15.91027,16.25198,16.16552,16.37252,16.44006,16.01055,16.26898,17.04864,16.53246,210522,85925,0,0,0,0,0,0,0,0,0,0,0,0,-0.06,-0.042,6.42,11.49,0,16.40489,101.6094,9.9436
"2021-05-22 08:10:00",88,12.44,18.68,12.15,16.29406,16.08196,15.82406,16.17599,16.10455,16.31207,16.30816,15.89749,16.19488,16.94967,16.5245,210522,90925,0,0,0,0,0,0,0,0,0,0,0,0,-0.06,-0.043,6.42,11.49,0,16.3589,101.623,9.95457
"2021-05-22 08:20:00",89,12.44,18.53,12.13,16.23644,15.98202,15.7308,16.10031,16.0379,16.25112,16.1983,15.80325,16.11898,16.86147,16.50808,210522,91925,0,0,0,0,0,0,0,0,0,0,0,0,-0.06,-0.044,6.42,11.49,0,16.31246,101.4592,9.94826
"2021-05-22 08:30:00",90,12.4,18.41,12.14,16.19045,15.93218,15.68145,16.03591,15.99053,16.19982,16.12145,15.71145,16.06625,16.78945,16.4876,210522,92925,0,0,0,0,0,0,0,0,0,0,0,0,-0.06,-0.044,6.42,11.49,0,16.26586,101.6379,9.97561
"2021-05-22 08:40:00",91,12.45,18.32,12.13,16.14974,15.8601,15.59664,15.96688,15.93606,16.14645,16.05505,15.62951,16.01837,16.67846,16.46343,210522,93925,0,0,0,0,0,0,0,0,0,0,0,0,-0.06,-0.046,6.42,11.48,0,16.22494,101.5824,9.9788
"2021-05-22 08:50:00",92,12.44,18.2,12.13,16.09142,15.78964,15.52447,15.90536,15.89099,16.09655,15.99273,15.55401,15.9591,16.61166,16.43914,210522,94925,0,0,0,0,0,0,0,0,0,0,0,0,-0.07,-0.046,6.42,11.49,0,16.20342,101.5561,9.98075
"2021-05-22 09:00:00",93,12.45,18.14,12.12,16.03942,15.72848,15.48019,15.86047,15.83996,16.0538,15.93475,15.50198,15.90701,16.55587,16.41326,210522,95925,0,0,0,0,0,0,0,0,0,0,0,0,-0.07,-0.047,6.42,11.48,0,16.15472,101.5233,9.98782
"2021-05-22 09:10:00",94,12.45,18.04,12.12,15.9963,15.66802,15.40835,15.79962,15.79626,15.99993,15.86651,15.44888,15.85369,16.48773,16.3847,210522,100925,0,0,0,0,0,0,0,0,0,0,0,0,-0.07,-0.047,6.42,11.48,0,16.12348,101.6602,10.00789
"2021-05-22 09:20:00",95,12.42,17.98,12.12,15.95117,15.59817,15.35214,15.75875,15.7452,15.95962,15.80059,15.38159,15.81915,16.45745,16.35662,210522,101925,0,0,0,0,0,0,0,0,0,0,0,0,-0.07,-0.047,6.42,11.48,0,16.06818,101.4573,9.99964
"2021-05-22 09:30:00",96,12.4,17.94,12.11,15.89364,15.53027,15.28131,15.71127,15.69955,15.92071,15.74496,15.31701,15.78601,16.40524,16.32687,210522,102925,0,0,0,0,0,0,0,0,0,0,0,0,-0.07,-0.048,6.42,11.47,0,16.02035,101.3976,10.00388
"2021-05-22 09:40:00",97,12.4,17.89,12.12,15.85708,15.47427,15.24728,15.66607,15.65991,15.88003,15.69549,15.26977,15.74938,16.31872,16.29653,210522,103925,0,0,0,0,0,0,0,0,0,0,0,0,-0.07,-0.049,6.42,11.48,0,15.97877,101.4735,10.02022
"2021-05-22 09:50:00",98,12.45,17.84,12.11,15.82852,15.45001,15.21395,15.63503,15.63049,15.84603,15.65356,15.22949,15.70782,16.29507,16.26507,210522,104925,0,0,0,0,0,0,0,0,0,0,0,0,-0.07,-0.05,6.42,11.48,0,15.936,101.6625,10.04801
"2021-05-22 10:00:00",99,12.44,17.79,12.1,15.7944,15.40289,15.14681,15.61007,15.59475,15.81307,15.6109,15.18978,15.67208,16.27172,16.23693,210522,105925,0,0,0,0,0,0,0,0,0,0,0,0,-0.07,-0.051,6.42,11.48,0,15.91072,101.3699,10.02444
"2021-05-22 10:10:00",100,12.44,17.77,12.11,15.76382,15.36605,15.1087,15.58215,15.561,15.78143,15.57861,15.15844,15.6506,16.23156,16.20779,210522,110925,0,0,0,0,0,0,0,0,0,0,0,0,-0.07,-0.052,6.42,11.47,0,15.88814,101.4452,10.03672
"2021-05-22 10:20:00",101,12.41,17.77,12.1,15.76333,15.36746,15.15789,15.57946,15.54162,15.75103,15.54824,15.16406,15.63107,16.24349,16.1802,210522,111925,0,0,0,0,0,0,0,0,0,0,0,0,-0.08,-0.053,6.42,11.48,0,15.8657,101.5315,10.05004
"2021-05-22 10:30:00",102,12.41,18.02,12.1,15.82781,15.52581,15.41918,15.6751,15.58166,15.76339,15.69345,15.39254,15.67388,16.31317,16.14898,210522,112925,0,0,0,0,0,0,0,0,0,0,0,0,-0.08,-0.054,6.42,11.48,0,16.00135,100.8405,9.95294
"2021-05-22 10:40:00",103,12.41,18.26,12.1,15.88973,15.65594,15.54962,15.77468,15.65072,15.78378,15.85565,15.57647,15.75268,16.41226,16.12609,210522,113925,0,0,0,0,0,0,0,0,0,0,0,0,-0.08,-0.056,6.42,11.48,0,16.06848,101.0215,9.9566
"2021-05-22 10:50:00",104,12.42,18.42,12.11,15.94573,15.74871,15.64434,15.85238,15.7098,15.83035,15.98007,15.71585,15.8208,16.48318,16.11355,210522,114925,0,0,0,0,0,0,0,0,0,0,0,0,-0.08,-0.058,6.42,11.46,0,16.11272,100.9821,9.9434
"2021-05-22 11:00:00",105,12.43,18.54,12.09,15.97863,15.83221,15.7098,15.91091,15.75772,15.86926,16.06933,15.80993,15.87173,16.54852,16.11013,210522,115925,0,0,0,0,0,0,0,0,0,0,0,0,-0.08,-0.058,6.42,11.48,0,16.1447,100.9127,9.92985
"2021-05-22 11:10:00",106,12.4,18.64,12.09,16.03295,15.8699,15.76312,15.94995,15.79284,15.89987,16.14047,15.88091,15.9093,16.60534,16.11071,210522,120925,0,0,0,0,0,0,0,0,0,0,0,0,-0.09,-0.06,6.42,11.47,0,16.17742,100.8819,9.91993
"2021-05-22 11:20:00",107,12.4,18.71,12.1,16.06793,15.94647,15.81024,15.98306,15.82263,15.92172,16.20742,15.95501,15.93911,16.64968,16.11682,210522,121925,0,0,0,0,0,0,0,0,0,0,0,0,-0.09,-0.061,6.42,11.47,0,16.20342,100.9328,9.91949
"2021-05-22 11:30:00",108,12.44,18.78,12.09,16.1022,16.00051,15.85668,16.01437,15.85226,15.94622,16.26229,16.02389,15.9656,16.69583,16.12841,210522,122925,0,0,0,0,0,0,0,0,0,0,0,0,-0.09,-0.064,6.42,11.47,0,16.22942,100.9467,9.91541
"2021-05-22 11:40:00",109,12.41,18.84,12.1,16.13049,16.06893,15.91583,16.04153,15.88409,15.97302,16.3179,16.08401,15.99105,16.7409,16.1434,210522,123925,0,0,0,0,0,0,0,0,0,0,0,0,-0.09,-0.065,6.42,11.47,0,16.26138,101.0286,9.91674
"2021-05-22 11:50:00",110,12.42,18.88,12.09,16.16064,16.11178,15.96429,16.06616,15.90725,15.99386,16.36828,16.13632,16.01425,16.77709,16.15725,210522,124925,0,0,0,0,0,0,0,0,0,0,0,0,-0.09,-0.067,6.42,11.48,0,16.29186,100.8526,9.8931
"2021-05-22 12:00:00",111,12.41,18.92,12.1,16.18356,16.14242,16.00158,16.08709,15.92578,16.01455,16.40142,16.16772,16.03402,16.81472,16.16915,210522,125925,0,0,0,0,0,0,0,0,0,0,0,0,-0.1,-0.067,6.42,11.47,0,16.31471,100.9249,9.89542
"2021-05-22 12:10:00",112,12.44,18.96,12.09,16.20428,16.17526,16.03393,16.104,15.94235,16.03243,16.42898,16.20266,16.05068,16.84527,16.18276,210522,130925,0,0,0,0,0,0,0,0,0,0,0,0,-0.1,-0.069,6.42,11.47,0,16.33695,100.8886,9.88721
"2021-05-22 12:20:00",113,12.41,19.01,12.08,16.22463,16.20111,16.05764,16.11874,15.95877,16.04586,16.449,16.23446,16.06365,16.87441,16.19555,210522,131925,0,0,0,0,0,0,0,0,0,0,0,0,-0.1,-0.071,6.42,11.47,0,16.35666,100.9237,9.88656
"2021-05-22 12:30:00",114,12.41,19.05,12.08,16.2398,16.22134,16.08956,16.13104,15.97207,16.05935,16.47762,16.25369,16.07553,16.89709,16.20883,210522,132925,0,0,0,0,0,0,0,0,0,0,0,0,-0.1,-0.072,6.42,11.47,0,16.37189,100.7893,9.87021
"2021-05-22 12:40:00",115,12.43,19.08,12.08,16.255,16.23721,16.11923,16.14355,15.98449,16.06967,16.49533,16.27273,16.08578,16.91937,16.22164,210522,133925,0,0,0,0,0,0,0,0,0,0,0,0,-0.1,-0.074,6.42,11.47,0,16.3837,100.8482,9.87351
"2021-05-22 12:50:00",116,12.41,19.11,12.08,16.26818,16.2662,16.14181,16.15316,15.99624,16.08099,16.51699,16.30194,16.09728,16.93637,16.23538,210522,134925,0,0,0,0,0,0,0,0,0,0,0,0,-0.11,-0.075,6.42,11.46,0,16.40384,100.8524,9.86974
"2021-05-22 13:00:00",117,12.41,19.13,12.08,16.28118,16.28036,16.16577,16.16339,16.00997,16.0917,16.5404,16.32491,16.10626,16.95657,16.24526,210522,135925,0,0,0,0,0,0,0,0,0,0,0,0,-0.11,-0.076,6.42,11.47,0,16.411,100.9722,9.87997
"2021-05-22 13:10:00",118,12.41,19.16,12.08,16.29659,16.30306,16.19116,16.17404,16.02529,16.10253,16.57382,16.34738,16.11514,16.97592,16.25488,210522,140925,0,0,0,0,0,0,0,0,0,0,0,0,-0.11,-0.078,6.42,11.46,0,16.4222,100.9412,9.87461
"2021-05-22 13:20:00",119,12.42,19.17,12.08,16.31112,16.31533,16.2167,16.18286,16.03842,16.11511,16.59786,16.36209,16.1249,16.99377,16.26672,210522,141925,0,0,0,0,0,0,0,0,0,0,0,0,-0.11,-0.08,6.42,11.47,0,16.42757,100.7231,9.85216
"2021-05-22 13:30:00",120,12.41,19.19,12.08,16.3226,16.34262,16.24175,16.19274,16.04962,16.12591,16.61837,16.38821,16.13503,17.01022,16.27606,210522,142925,0,0,0,0,0,0,0,0,0,0,0,0,-0.12,-0.082,6.42,11.46,0,16.44862,100.7177,9.84725
"2021-05-22 13:40:00",121,12.41,19.21,12.07,16.3377,16.36798,16.25823,16.20596,16.06045,16.13601,16.63745,16.40615,16.14416,17.0285,16.28692,210522,143925,0,0,0,0,0,0,0,0,0,0,0,0,-0.12,-0.084,6.42,11.46,0,16.46071,100.6937,9.8424
"2021-05-22 13:50:00",122,12.41,19.22,12.07,16.34783,16.38018,16.27932,16.21465,16.06869,16.14764,16.6556,16.42373,16.15331,17.04183,16.29556,210522,144925,0,0,0,0,0,0,0,0,0,0,0,0,-0.12,-0.085,6.42,11.47,0,16.4722,100.5813,9.82902
"2021-05-22 14:00:00",123,12.4,19.24,12.07,16.35812,16.3955,16.29122,16.221,16.07424,16.15585,16.65872,16.43228,16.16323,17.05486,16.30319,210522,145925,0,0,0,0,0,0,0,0,0,0,0,0,-0.12,-0.087,6.42,11.46,0,16.48206,100.5704,9.82593
"2021-05-22 14:10:00",124,12.41,19.26,12.08,16.36578,16.39984,16.30392,16.22872,16.08111,16.16375,16.67968,16.44024,16.17025,17.06811,16.31024,210522,150925,0,0,0,0,0,0,0,0,0,0,0,0,-0.13,-0.09,6.42,11.47,0,16.49443,100.5258,9.81904
"2021-05-22 14:20:00",125,12.41,19.28,12.08,16.37509,16.41455,16.31973,16.23831,16.08962,16.17126,16.68319,16.44341,16.1769,17.07784,16.31732,210522,151925,0,0,0,0,0,0,0,0,0,0,0,0,-0.13,-0.093,6.42,11.46,0,16.50115,100.58,9.82292
"2021-05-22 14:30:00",126,12.41,19.29,12.07,16.38293,16.42813,16.32882,16.24267,16.09725,16.17632,16.69497,16.44335,16.18203,17.08666,16.32363,210522,152925,0,0,0,0,0,0,0,0,0,0,0,0,-0.13,-0.095,6.42,11.46,0,16.51652,100.5403,9.81588
"2021-05-22 14:40:00",127,12.41,19.3,12.06,16.39065,16.42532,16.33422,16.24352,16.10006,16.17983,16.69323,16.43817,16.18594,17.09133,16.32879,210522,153925,0,0,0,0,0,0,0,0,0,0,0,0,-0.14,-0.096,6.42,11.46,0,16.51847,100.5015,9.81168
"2021-05-22 14:50:00",128,12.37,19.31,12.06,16.39099,16.42156,16.33972,16.24539,16.09905,16.18151,16.69393,16.43893,16.18722,17.09237,16.33404,210522,154925,0,0,0,0,0,0,0,0,0,0,0,0,-0.14,-0.097,6.42,11.46,0,16.51847,100.578,9.81915
"2021-05-22 15:00:00",129,12.41,19.31,12.06,16.3916,16.41625,16.33407,16.24343,16.09701,16.17785,16.68337,16.43664,16.18981,17.0935,16.33611,210522,155925,0,0,0,0,0,0,0,0,0,0,0,0,-0.14,-0.098,6.42,11.46,0,16.5192,100.6022,9.82135
"2021-05-22 15:10:00",130,12.41,19.31,12.06,16.39013,16.40402,16.32888,16.24148,16.09664,16.17697,16.68426,16.43328,16.18862,17.09042,16.33575,210522,160925,0,0,0,0,0,0,0,0,0,0,0,0,-0.14,-0.097,6.42,11.46,0,16.52248,100.604,9.82085
"2021-05-22 15:20:00",131,12.4,19.31,12.07,16.38787,16.40521,16.3254,16.23931,16.09423,16.17504,16.67263,16.43005,16.18572,17.0885,16.33584,210522,161925,0,0,0,0,0,0,0,0,0,0,0,0,-0.14,-0.098,6.42,11.46,0,16.5201,100.5061,9.81178
"2021-05-22 15:30:00",132,12.4,19.32,12.06,16.38754,16.39089,16.31814,16.23727,16.09255,16.17086,16.65631,16.42248,16.18151,17.08462,16.33514,210522,162925,0,0,0,0,0,0,0,0,0,0,0,0,-0.14,-0.098,6.42,11.45,0,16.51847,100.5379,9.81523
"2021-05-22 15:40:00",133,12.38,19.32,12.05,16.38308,16.38333,16.30609,16.23217,16.09121,16.16967,16.64742,16.41595,16.178,17.07986,16.33248,210522,163925,0,0,0,0,0,0,0,0,0,0,0,0,-0.14,-0.097,6.42,11.45,0,16.51666,100.5646,9.81822
"2021-05-22 15:50:00",134,12.4,19.31,12.05,16.37737,16.37429,16.29431,16.22695,16.08267,16.16729,16.63116,16.40496,16.17468,17.07217,16.32824,210522,164925,0,0,0,0,0,0,0,0,0,0,0,0,-0.14,-0.097,6.42,11.45,0,16.51473,100.4465,9.80708
"2021-05-22 16:00:00",135,12.4,19.31,12.05,16.37127,16.36715,16.27822,16.2236,16.0754,16.15917,16.6166,16.40249,16.16775,17.06054,16.32406,210522,165925,0,0,0,0,0,0,0,0,0,0,0,0,-0.14,-0.096,6.42,11.45,0,16.49697,100.5653,9.82235
"2021-05-22 16:10:00",136,12.4,19.3,12.05,16.36691,16.35754,16.26547,16.21642,16.06994,16.15634,16.60104,16.40588,16.16104,17.03866,16.31866,210522,170925,0,0,0,0,0,0,0,0,0,0,0,0,-0.14,-0.097,6.42,11.45,0,16.49398,100.4055,9.80738
"2021-05-22 16:20:00",137,12.41,19.3,12.05,16.36306,16.34686,16.25353,16.20764,16.06393,16.14617,16.59158,16.3977,16.15319,17.02386,16.3121,210522,171925,0,0,0,0,0,0,0,0,0,0,0,0,-0.14,-0.098,6.42,11.46,0,16.47489,100.6145,9.83172
"2021-05-22 16:30:00",138,12.41,19.29,12.04,16.35732,16.34503,16.23651,16.20184,16.05862,16.13949,16.57717,16.37359,16.14688,17.02004,16.3066,210522,172925,0,0,0,0,0,0,0,0,0,0,0,0,-0.14,-0.098,6.42,11.44,0,16.47101,100.52,9.82329
"2021-05-22 16:40:00",139,12.41,19.29,12.05,16.35174,16.32519,16.22634,16.19668,16.05364,16.13406,16.56848,16.36163,16.1419,17.00591,16.30065,210522,173925,0,0,0,0,0,0,0,0,0,0,0,0,-0.14,-0.098,6.42,11.44,0,16.45667,100.4228,9.81676
"2021-05-22 16:50:00",140,12.37,19.28,12.04,16.345,16.32629,16.21554,16.19256,16.05001,16.13256,16.55886,16.34225,16.13555,17.00189,16.29366,210522,174925,0,0,0,0,0,0,0,0,0,0,0,0,-0.14,-0.099,6.42,11.44,0,16.44996,100.4412,9.81995
"2021-05-22 17:00:00",141,12.4,19.28,12.04,16.34085,16.32125,16.20574,16.19018,16.04525,16.12866,16.548,16.33541,16.13137,16.99557,16.28649,210522,175925,0,0,0,0,0,0,0,0,0,0,0,0,-0.14,-0.1,6.42,11.45,0,16.441,100.4093,9.81866
"2021-05-22 17:10:00",142,12.4,19.28,12.04,16.33184,16.31039,16.19424,16.186,16.04458,16.12481,16.54434,16.32397,16.12582,16.99764,16.28341,210522,180925,0,0,0,0,0,0,0,0,0,0,0,0,-0.14,-0.1,6.42,11.45,0,16.4325,100.6112,9.84019
"2021-05-22 17:20:00",143,12.37,19.28,12.04,16.32702,16.33145,16.19802,16.18749,16.04278,16.12338,16.54037,16.34783,16.12451,16.99197,16.28134,210522,181925,0,0,0,0,0,0,0,0,0,0,0,0,-0.14,-0.099,6.42,11.45,0,16.43041,100.5055,9.8303
"2021-05-22 17:30:00",144,12.41,19.28,12.03,16.3298,16.33047,16.20471,16.18817,16.04171,16.12399,16.53811,16.35116,16.12631,16.99816,16.28063,210522,182925,0,0,0,0,0,0,0,0,0,0,0,0,-0.14,-0.101,6.42,11.45,0,16.42757,100.4336,9.82384
"2021-05-22 17:40:00",145,12.38,19.28,12.03,16.33334,16.33422,16.21389,16.1892,16.04302,16.12875,16.53845,16.35903,16.12945,16.99865,16.28185,210522,183925,0,0,0,0,0,0,0,0,0,0,0,0,-0.15,-0.103,6.42,11.45,0,16.42638,100.4852,9.82913
"2021-05-22 17:50:00",146,12.37,19.21,12.04,16.31252,16.34954,16.10793,16.18359,16.04815,16.16039,16.52801,16.39816,16.13644,16.99276,16.28961,210522,184925,0,0,0,0,0,0,0,0,0,0,0,0,-0.15,-0.104,6.42,11.44,0,16.40623,100.5298,9.83768
"2021-05-22 18:00:00",147,12.39,18.91,12.02,16.24343,16.21417,15.93725,16.12069,16.01495,16.15444,16.40569,16.13177,16.10134,16.9129,16.2976,210522,185925,0,0,0,0,0,0,0,0,0,0,0,0,-0.15,-0.104,6.42,11.44,0,16.31903,100.5378,9.85657
"2021-05-22 18:10:00",148,12.37,18.69,12.02,16.1748,16.08337,15.81158,16.05215,15.95559,16.11358,16.2669,15.93109,16.03466,16.8308,16.2962,210522,190925,0,0,0,0,0,0,0,0,0,0,0,0,-0.15,-0.104,6.42,11.43,0,16.2472,100.6777,9.88526
"2021-05-22 18:20:00",149,12.37,18.55,12.03,16.09808,15.97531,15.71435,15.97253,15.88561,16.06063,16.143,15.80139,15.96261,16.7359,16.28579,210522,191925,0,0,0,0,0,0,0,0,0,0,0,0,-0.15,-0.102,6.42,11.44,0,16.18012,100.6288,9.89449
"2021-05-22 18:30:00",150,12.37,18.38,12.01,16.03558,15.84179,15.58694,15.88851,15.81194,15.99673,16.01245,15.63998,15.88613,16.63577,16.26492,210522,192925,0,0,0,0,0,0,0,0,0,0,0,0,-0.15,-0.103,6.42,11.43,0,16.11123,100.856,9.9313
"2021-05-22 18:40:00",151,12.39,18.27,12.01,15.98046,15.76373,15.51361,15.81265,15.75295,15.93951,15.93002,15.55465,15.82434,16.55776,16.23953,210522,193925,0,0,0,0,0,0,0,0,0,0,0,0,-0.15,-0.105,6.42,11.43,0,16.06594,100.8024,9.93556
"2021-05-22 18:50:00",152,12.37,18.22,12.01,15.92611,15.70211,15.4746,15.77667,15.70794,15.89587,15.86877,15.49944,15.77996,16.49447,16.21362,210522,194925,0,0,0,0,0,0,0,0,0,0,0,0,-0.15,-0.105,6.42,11.43,0,16.02423,100.8653,9.95055
"2021-05-22 19:00:00",153,12.37,18.14,12.01,15.87658,15.6401,15.42105,15.73199,15.66619,15.85601,15.81109,15.44036,15.74514,16.44375,16.18667,210522,195925,0,0,0,0,0,0,0,0,0,0,0,0,-0.15,-0.105,6.42,11.43,0,15.97862,100.8465,9.95833
"2021-05-22 19:10:00",154,12.38,18.09,12.01,15.84622,15.58547,15.37588,15.69818,15.62902,15.8215,15.74929,15.40569,15.70434,16.41534,16.15936,210522,200925,0,0,0,0,0,0,0,0,0,0,0,0,-0.15,-0.106,6.42,11.43,0,15.94407,100.6486,9.94607
"2021-05-22 19:20:00",155,12.37,18.04,12,15.81002,15.54034,15.32195,15.66439,15.60272,15.78857,15.70565,15.35598,15.67849,16.35562,16.13189,210522,201925,0,0,0,0,0,0,0,0,0,0,0,0,-0.15,-0.106,6.42,11.42,0,15.89218,100.7714,9.96921
"2021-05-22 19:30:00",156,12.37,18,12.02,15.76391,15.48562,15.2712,15.63442,15.56823,15.75573,15.66372,15.3096,15.64819,16.31262,16.10565,210522,202925,0,0,0,0,0,0,0,0,0,0,0,0,-0.15,-0.106,6.42,11.43,0,15.85716,100.8524,9.98465
"2021-05-22 19:40:00",157,12.37,17.96,12,15.72244,15.43377,15.21371,15.58398,15.54177,15.72824,15.61602,15.2456,15.62011,16.27746,16.07934,210522,203925,0,0,0,0,0,0,0,0,0,0,0,0,-0.15,-0.105,6.42,11.42,0,15.82095,100.8654,9.99364
"2021-05-22 19:50:00",158,12.37,17.93,12,15.68096,15.38934,15.16155,15.56213,15.51428,15.70147,15.58129,15.20379,15.59219,16.24822,16.05252,210522,204925,0,0,0,0,0,0,0,0,0,0,0,0,-0.15,-0.105,6.42,11.42,0,15.77741,100.7155,9.98803
"2021-05-22 20:00:00",159,12.37,17.89,12,15.65872,15.36331,15.14379,15.52413,15.48803,15.67083,15.53881,15.17596,15.5689,16.20162,16.02905,210522,205925,0,0,0,0,0,0,0,0,0,0,0,0,-0.15,-0.105,6.42,11.42,0,15.75376,100.5388,9.97554
"2021-05-22 20:10:00",160,12.37,17.85,11.99,15.63626,15.32672,15.10208,15.4978,15.45834,15.65045,15.50366,15.13607,15.53713,16.17285,16.0036,210522,210925,0,0,0,0,0,0,0,0,0,0,0,0,-0.15,-0.106,6.42,11.42,0,15.70945,100.7289,10.00384
"2021-05-22 20:20:00",161,12.37,17.81,11.99,15.60485,15.29574,15.05026,15.46484,15.43569,15.62152,15.4566,15.08663,15.50518,16.12823,15.97973,210522,211925,0,0,0,0,0,0,0,0,0,0,0,0,-0.15,-0.105,6.42,11.42,0,15.67036,100.642,10.00354
"2021-05-22 20:30:00",162,12.37,17.75,11.99,15.57388,15.25433,15.00958,15.42965,15.40667,15.5935,15.42303,15.05593,15.47756,16.11294,15.95507,210522,212925,0,0,0,0,0,0,0,0,0,0,0,0,-0.15,-0.105,6.42,11.42,0,15.64236,100.6876,10.01407
"2021-05-22 20:40:00",163,12.37,17.72,12,15.55508,15.22433,14.98162,15.41366,15.37893,15.56845,15.38571,15.02215,15.45968,16.07461,15.93017,210522,213925,0,0,0,0,0,0,0,0,0,0,0,0,-0.15,-0.105,6.42,11.42,0,15.61974,100.8267,10.03273
"2021-05-22 20:50:00",164,12.35,17.82,11.99,15.58828,15.28762,15.15643,15.45275,15.3786,15.55108,15.42327,15.14388,15.46148,16.1043,15.90631,210522,214925,0,0,0,0,0,0,0,0,0,0,0,0,-0.15,-0.107,6.42,11.42,0,15.66737,100.6633,10.0063
"2021-05-22 21:00:00",165,12.36,18.1,11.99,15.64941,15.42245,15.32275,15.54266,15.42999,15.55563,15.56701,15.33816,15.52078,16.1986,15.88818,210522,215925,0,0,0,0,0,0,0,0,0,0,0,0,-0.15,-0.109,6.42,11.41,0,15.76617,100.3489,9.95407
"2021-05-22 21:10:00",166,12.37,18.29,11.98,15.71212,15.52371,15.44457,15.6221,15.48974,15.59637,15.70248,15.47943,15.59008,16.26757,15.87976,210522,220925,0,0,0,0,0,0,0,0,0,0,0,0,-0.16,-0.109,6.42,11.42,0,15.8214,100.3491,9.94238
"2021-05-22 21:20:00",167,12.37,18.42,11.98,15.76675,15.6134,15.53021,15.68496,15.53881,15.63873,15.80602,15.59908,15.64709,16.33596,15.87902,210522,221925,0,0,0,0,0,0,0,0,0,0,0,0,-0.15,-0.109,6.42,11.42,0,15.86599,100.181,9.91632
"2021-05-22 21:30:00",168,12.37,18.54,11.98,15.81274,15.67587,15.59741,15.73382,15.57754,15.67477,15.89016,15.68972,15.69073,16.39138,15.88317,210522,222925,0,0,0,0,0,0,0,0,0,0,0,0,-0.15,-0.109,6.42,11.42,0,15.88934,100.3117,9.92431
"2021-05-22 21:40:00",169,12.37,18.62,11.98,15.8486,15.73937,15.64916,15.77029,15.60821,15.70132,15.94442,15.76837,15.72332,16.44326,15.89108,210522,223925,0,0,0,0,0,0,0,0,0,0,0,0,-0.16,-0.109,6.42,11.42,0,15.91177,100.1767,9.90626
"2021-05-22 21:50:00",170,12.36,18.7,11.99,15.87799,15.78076,15.69317,15.79858,15.6325,15.72781,15.98455,15.81814,15.75009,16.48647,15.90161,210522,224925,0,0,0,0,0,0,0,0,0,0,0,0,-0.16,-0.11,6.42,11.42,0,15.93406,100.2641,9.91019
"2021-05-22 22:00:00",171,12.36,18.77,11.97,15.90444,15.81845,15.72656,15.82122,15.65215,15.75018,16.02453,15.85974,15.77108,16.5216,15.90951,210522,225925,0,0,0,0,0,0,0,0,0,0,0,0,-0.16,-0.11,6.42,11.42,0,15.95514,100.3223,9.91148
"2021-05-22 22:10:00",172,12.36,18.83,11.98,15.92629,15.83703,15.75393,15.83593,15.6676,15.76574,16.05325,15.89047,15.78842,16.55459,15.91735,210522,230925,0,0,0,0,0,0,0,0,0,0,0,0,-0.16,-0.111,6.42,11.42,0,15.97085,100.1598,9.89215
"2021-05-22 22:20:00",173,12.36,18.87,11.98,15.9407,15.85732,15.77538,15.84768,15.68017,15.77856,16.0696,15.90475,15.80276,16.579,15.92614,210522,231925,0,0,0,0,0,0,0,0,0,0,0,0,-0.16,-0.112,6.42,11.42,0,15.97848,100.2159,9.89608
"2021-05-22 22:30:00",174,12.36,18.89,11.98,15.95522,15.86202,15.79461,15.85818,15.69058,15.79006,16.0902,15.91885,15.81271,16.60067,15.93218,210522,232925,0,0,0,0,0,0,0,0,0,0,0,0,-0.16,-0.113,6.42,11.42,0,15.98416,100.3054,9.90373
"2021-05-22 22:40:00",175,12.36,18.9,11.97,15.96548,15.87884,15.81051,15.86572,15.69915,15.79928,16.10061,15.93197,15.82498,16.6199,15.93743,210522,233925,0,0,0,0,0,0,0,0,0,0,0,0,-0.16,-0.113,6.42,11.41,0,15.99971,100.1202,9.88217
"2021-05-22 22:50:00",176,12.37,18.92,11.97,15.97189,15.89123,15.82223,15.87399,15.70617,15.80694,16.1137,15.94689,15.83145,16.63601,15.94079,210522,234925,0,0,0,0,0,0,0,0,0,0,0,0,-0.16,-0.114,6.42,11.41,0,16.00195,99.9817,9.86804
"2021-05-22 23:00:00",177,12.37,18.93,11.98,15.98086,15.90066,15.82775,15.88012,15.71231,15.81314,16.1206,15.95666,15.83532,16.64828,15.94412,210522,235925,0,0,0,0,0,0,0,0,0,0,0,0,-0.16,-0.114,6.42,11.42,0,16.00285,100.0354,9.87315
"2021-05-22 23:10:00",178,12.34,18.95,11.97,15.9873,15.91955,15.8366,15.88482,15.71801,15.81823,16.12997,15.96639,15.8406,16.65985,15.94903,210523,925,0,0,0,0,0,0,0,0,0,0,0,0,-0.16,-0.115,6.42,11.41,0,16.01063,100.138,9.88166
"2021-05-22 23:20:00",179,12.37,18.96,11.97,15.99246,15.92156,15.84573,15.88879,15.72177,15.82208,16.13384,15.97976,15.84417,16.66937,15.95196,210523,1925,0,0,0,0,0,0,0,0,0,0,0,0,-0.17,-0.117,6.42,11.4,0,16.01885,99.9534,9.86173
"2021-05-22 23:30:00",180,12.37,18.96,11.97,15.99777,15.93658,15.85394,15.89327,15.72564,15.82574,16.13687,15.98025,15.84829,16.67675,15.95278,210523,2925,0,0,0,0,0,0,0,0,0,0,0,0,-0.17,-0.118,6.42,11.4,0,16.02169,100.1601,9.88151
"2021-05-22 23:40:00",181,12.37,18.97,11.96,16.00247,15.93719,15.85998,15.89498,15.72851,15.83145,16.13989,15.98623,15.85241,16.68273,15.95486,210523,3925,0,0,0,0,0,0,0,0,0,0,0,0,-0.17,-0.12,6.42,11.4,0,16.02318,99.8775,9.85333
"2021-05-22 23:50:00",182,12.37,18.99,11.96,16.00616,15.94549,15.86529,15.89837,15.73184,15.83602,16.14327,15.98733,15.85653,16.68972,15.95709,210523,4925,0,0,0,0,0,0,0,0,0,0,0,0,-0.17,-0.12,6.42,11.4,0,16.02318,99.9748,9.86292
"2021-05-23 00:00:00",183,12.37,19,11.96,16.0097,15.94677,15.87081,15.90222,15.73489,15.83962,16.14761,15.9909,15.86086,16.69488,15.9591,210523,5925,0,0,0,0,0,0,0,0,0,0,0,0,-0.17,-0.12,6.42,11.4,0,16.02393,100.0428,9.86947
"2021-05-23 00:10:00",184,12.37,19.01,11.97,16.0148,15.95767,15.87655,15.90621,15.73879,15.84332,16.15466,16.00482,15.86382,16.69909,15.96166,210523,10925,0,0,0,0,0,0,0,0,0,0,0,0,-0.17,-0.121,6.42,11.4,0,16.02408,99.8903,9.85441
"2021-05-23 00:20:00",185,12.33,19.02,11.96,16.01669,15.95553,15.8847,15.90829,15.74218,15.84942,16.16232,16.01217,15.86807,16.70422,15.96258,210523,11925,0,0,0,0,0,0,0,0,0,0,0,0,-0.17,-0.123,6.42,11.4,0,16.02408,99.9715,9.86242
"2021-05-23 00:30:00",186,12.37,19.02,11.97,16.02099,15.96142,15.88937,15.91073,15.7449,15.85357,16.16619,16.01904,15.87008,16.70785,15.96279,210523,12925,0,0,0,0,0,0,0,0,0,0,0,0,-0.18,-0.124,6.42,11.4,0,16.02558,99.9099,9.85602
"2021-05-23 00:40:00",187,12.32,19.04,11.95,16.02432,15.96865,15.89352,15.91213,15.74795,15.85455,16.16958,16.01837,15.87164,16.71188,15.96279,210523,13925,0,0,0,0,0,0,0,0,0,0,0,0,-0.18,-0.126,6.42,11.4,0,16.02587,99.9403,9.85895
"2021-05-23 00:50:00",188,12.37,19.05,11.95,16.02703,15.97259,15.89807,15.91345,15.7536,15.85693,16.16964,16.02667,15.87267,16.71307,15.96365,210523,14925,0,0,0,0,0,0,0,0,0,0,0,0,-0.18,-0.127,6.42,11.4,0,16.02797,99.8145,9.84611
"2021-05-23 01:00:00",189,12.37,19.05,11.95,16.0324,15.97662,15.90011,15.91512,15.75634,15.85763,16.17208,16.02697,15.87457,16.71627,15.96392,210523,15925,0,0,0,0,0,0,0,0,0,0,0,0,-0.18,-0.129,6.42,11.41,0,16.02962,99.9827,9.86236
"2021-05-23 01:10:00",190,12.38,19.05,11.94,16.03512,15.98913,15.90487,15.91598,15.75808,15.86022,16.18069,16.03628,15.87649,16.71966,15.96328,210523,20925,0,0,0,0,0,0,0,0,0,0,0,0,-0.18,-0.13,6.42,11.4,0,16.02917,99.8577,9.85013
"2021-05-23 01:20:00",191,12.38,19.06,11.96,16.03683,15.99252,15.90399,15.91796,15.76068,15.86495,16.18124,16.04693,15.8782,16.72164,15.96337,210523,21925,0,0,0,0,0,0,0,0,0,0,0,0,-0.19,-0.132,6.42,11.4,0,16.02828,99.8817,9.85268
"2021-05-23 01:30:00",192,12.38,19.05,11.95,16.03832,15.9931,15.90637,15.91857,15.76425,15.86559,16.18252,16.04446,15.87777,16.72161,15.96343,210523,22925,0,0,0,0,0,0,0,0,0,0,0,0,-0.19,-0.133,6.42,11.4,0,16.02602,99.7863,9.84372
"2021-05-23 01:40:00",193,12.37,19.05,11.94,16.04043,16.00216,15.90811,15.91818,15.76611,15.86819,16.18426,16.0415,15.87811,16.71826,15.96295,210523,23925,0,0,0,0,0,0,0,0,0,0,0,0,-0.19,-0.134,6.42,11.4,0,16.02468,99.7259,9.83804
"2021-05-23 01:50:00",194,12.37,19.04,11.94,16.04193,16.00036,15.90695,15.91827,15.76794,15.86755,16.18215,16.04452,15.87902,16.71093,15.96279,210523,24925,0,0,0,0,0,0,0,0,0,0,0,0,-0.19,-0.133,6.42,11.4,0,16.02453,99.7683,9.84227
"2021-05-23 02:00:00",195,12.35,19.05,11.95,16.0436,16.01531,15.91018,15.9187,15.76901,15.86608,16.1885,16.04855,15.87902,16.71188,15.96279,210523,25925,0,0,0,0,0,0,0,0,0,0,0,0,-0.19,-0.133,6.42,11.4,0,16.02408,99.8371,9.84916
"2021-05-23 02:10:00",196,12.33,19.07,11.95,16.04547,16.01196,15.9111,15.9201,15.77038,15.86752,16.18508,16.04531,15.87884,16.71194,15.96145,210523,30925,0,0,0,0,0,0,0,0,0,0,0,0,-0.19,-0.134,6.42,11.4,0,16.02348,99.7165,9.83737
"2021-05-23 02:20:00",197,12.33,19.07,11.94,16.04653,16.01873,15.91662,15.92361,15.77261,15.86813,16.18792,16.04565,15.88024,16.71121,15.96047,210523,31925,0,0,0,0,0,0,0,0,0,0,0,0,-0.19,-0.133,6.42,11.4,0,16.02363,99.7901,9.84461
"2021-05-23 02:30:00",198,12.36,19.09,11.93,16.05059,16.02261,15.92047,15.92867,15.7759,15.87011,16.19052,16.04968,15.88378,16.71182,15.96044,210523,32925,0,0,0,0,0,0,0,0,0,0,0,0,-0.19,-0.134,6.42,11.4,0,16.02558,99.9819,9.86312
"2021-05-23 02:40:00",199,12.34,19.11,11.93,16.05593,16.02426,15.92816,15.93246,15.78137,15.87457,16.19439,16.05511,15.88857,16.72009,15.96029,210523,33925,0,0,0,0,0,0,0,0,0,0,0,0,-0.19,-0.134,6.42,11.4,0,16.02438,99.8034,9.84575
"2021-05-23 02:50:00",200,12.35,19.1,11.93,16.05932,16.02694,15.93029,15.93286,15.78481,15.87618,16.19262,16.04589,15.89318,16.72698,15.96078,210523,34925,0,0,0,0,0,0,0,0,0,0,0,0,-0.19,-0.135,6.42,11.4,0,16.02618,99.8497,9.84997
"2021-05-23 03:00:00",201,12.33,19.1,11.94,16.06201,16.02902,15.93099,15.93432,15.78835,15.87481,16.19775,16.05065,15.8966,16.73098,15.95977,210523,35925,0,0,0,0,0,0,0,0,0,0,0,0,-0.19,-0.136,6.42,11.4,0,16.02468,99.7439,9.83982
"2021-05-23 03:10:00",202,12.31,19.11,11.93,16.06341,16.02682,15.92831,15.93429,15.7893,15.87557,16.19641,16.05422,15.89785,16.74224,15.95922,210523,40925,0,0,0,0,0,0,0,0,0,0,0,0,-0.19,-0.135,6.42,11.39,0,16.02423,99.783,9.84378
"2021-05-23 03:20:00",203,12.35,19.11,11.92,16.06808,16.03951,15.93096,15.93566,15.79119,15.87719,16.19808,16.05178,15.89874,16.7485,15.95953,210523,41925,0,0,0,0,0,0,0,0,0,0,0,0,-0.19,-0.134,6.42,11.39,0,16.02573,99.886,9.85364
"2021-05-23 03:30:00",204,12.33,19.12,11.92,16.07028,16.03189,15.93337,15.93768,15.79321,15.87713,16.20571,16.04955,15.89886,16.75329,15.95907,210523,42925,0,0,0,0,0,0,0,0,0,0,0,0,-0.19,-0.136,6.42,11.38,0,16.02676,99.7922,9.84417
"2021-05-23 03:40:00",205,12.33,19.14,11.93,16.07174,16.0393,15.93231,15.94067,15.79675,15.87417,16.20394,16.04989,15.90383,16.74438,15.9587,210523,43925,0,0,0,0,0,0,0,0,0,0,0,0,-0.19,-0.136,6.42,11.38,0,16.02618,99.7801,9.8431
"2021-05-23 03:50:00",206,12.33,19.14,11.91,16.07342,16.04089,15.93609,15.94363,15.79959,15.87905,16.20544,16.06072,15.90472,16.74465,15.95925,210523,44925,0,0,0,0,0,0,0,0,0,0,0,0,-0.19,-0.136,6.42,11.38,0,16.03216,99.8949,9.85316
"2021-05-23 04:00:00",207,12.33,19.15,11.91,16.07568,16.04931,15.93875,15.94598,15.80282,15.87994,16.20837,16.05963,15.90551,16.74627,15.96063,210523,45925,0,0,0,0,0,0,0,0,0,0,0,0,-0.19,-0.136,6.42,11.38,0,16.03947,99.8298,9.84521
"2021-05-23 04:10:00",208,12.33,19.15,11.91,16.07791,16.0458,15.9414,15.94473,15.80572,15.88256,16.20849,16.0628,15.9064,16.75237,15.96151,210523,50925,0,0,0,0,0,0,0,0,0,0,0,0,-0.19,-0.135,6.42,11.38,0,16.03798,99.9076,9.85319
"2021-05-23 04:20:00",209,12.33,19.16,11.91,16.07922,16.06146,15.94442,15.94607,15.80789,15.88436,16.21194,16.06463,15.90801,16.75442,15.96237,210523,51925,0,0,0,0,0,0,0,0,0,0,0,0,-0.19,-0.136,6.42,11.38,0,16.04128,99.7489,9.83686
"2021-05-23 04:30:00",210,12.33,19.16,11.91,16.08126,16.057,15.95129,15.95007,15.81246,15.88726,16.21124,16.07119,15.90835,16.76422,15.96273,210523,52925,0,0,0,0,0,0,0,0,0,0,0,0,-0.19,-0.137,6.42,11.38,0,16.04396,99.7517,9.83658
"2021-05-23 04:40:00",211,12.32,19.08,11.91,16.06805,16.04324,15.86523,15.94781,15.81539,15.90954,16.1965,16.0147,15.91116,16.75494,15.96661,210523,53925,0,0,0,0,0,0,0,0,0,0,0,0,-0.2,-0.139,6.42,11.38,0,16.02423,99.7594,9.84145
"2021-05-23 04:50:00",212,12.29,18.83,11.91,16.00347,15.92217,15.70025,15.89715,15.79,15.90808,16.09817,15.82723,15.88067,16.68521,15.97167,210523,54925,0,0,0,0,0,0,0,0,0,0,0,0,-0.2,-0.139,6.42,11.38,0,15.9568,99.9137,9.87078
"2021-05-23 05:00:00",213,12.33,18.64,11.9,15.93179,15.81207,15.6054,15.83828,15.73873,15.87573,15.99282,15.69604,15.82711,16.61553,15.96893,210523,55925,0,0,0,0,0,0,0,0,0,0,0,0,-0.2,-0.141,6.42,11.37,0,15.90938,99.9778,9.88708
"2021-05-23 05:10:00",214,12.33,18.45,11.9,15.87026,15.71926,15.51101,15.7618,15.67901,15.82553,15.88653,15.5704,15.7557,16.53295,15.95913,210523,60925,0,0,0,0,0,0,0,0,0,0,0,0,-0.2,-0.142,6.42,11.38,0,15.84789,100.1597,9.91804
"2021-05-23 05:20:00",215,12.34,18.32,11.9,15.81082,15.6863,15.43551,15.71404,15.65392,15.78689,15.84249,15.50317,15.69818,16.46728,15.94442,210523,61925,0,0,0,0,0,0,0,0,0,0,0,0,-0.2,-0.141,6.42,11.38,0,15.82305,100.3174,9.9389
"2021-05-23 05:30:00",216,12.32,18.23,11.9,15.7846,15.66827,15.40347,15.66854,15.63641,15.75747,15.82855,15.4721,15.66174,16.40835,15.93163,210523,62925,0,0,0,0,0,0,0,0,0,0,0,0,-0.2,-0.14,6.42,11.37,0,15.83967,100.4816,9.95164
"2021-05-23 05:40:00",217,12.32,18.15,11.89,15.75201,15.64993,15.36575,15.63641,15.62365,15.73733,15.81378,15.43499,15.63149,16.38125,15.92236,210523,63925,0,0,0,0,0,0,0,0,0,0,0,0,-0.2,-0.139,6.42,11.37,0,15.84325,100.7387,9.97634
"2021-05-23 05:50:00",218,12.33,18.08,11.89,15.70489,15.55078,15.29601,15.59652,15.56933,15.70004,15.71832,15.34255,15.59789,16.32354,15.91128,210523,64925,0,0,0,0,0,0,0,0,0,0,0,0,-0.2,-0.14,6.42,11.36,0,15.79897,100.336,9.94584
"2021-05-23 06:00:00",219,12.29,18.01,11.89,15.67053,15.50054,15.24627,15.55081,15.53283,15.66665,15.67251,15.29202,15.56243,16.26205,15.89489,210523,65925,0,0,0,0,0,0,0,0,0,0,0,0,-0.2,-0.142,6.42,11.37,0,15.77741,100.542,9.97083
"2021-05-23 06:10:00",220,12.33,17.96,11.88,15.64324,15.49444,15.21581,15.51684,15.52218,15.64303,15.67007,15.26895,15.53012,16.22573,15.88131,210523,70925,0,0,0,0,0,0,0,0,0,0,0,0,-0.2,-0.142,6.42,11.36,0,15.77681,100.7573,9.99231
"2021-05-23 06:20:00",221,12.3,17.92,11.88,15.62124,15.4721,15.20608,15.49267,15.49804,15.61621,15.64016,15.24829,15.50039,16.20056,15.86828,210523,71925,0,0,0,0,0,0,0,0,0,0,0,0,-0.2,-0.14,6.42,11.37,0,15.77605,100.679,9.98471
"2021-05-23 06:30:00",222,12.29,17.88,11.88,15.57653,15.43124,15.17388,15.47326,15.47265,15.59207,15.59451,15.20516,15.47552,16.18707,15.85546,210523,72925,0,0,0,0,0,0,0,0,0,0,0,0,-0.2,-0.142,6.42,11.36,0,15.75106,100.7326,9.99536
"2021-05-23 06:40:00",223,12.31,17.83,11.89,15.56158,15.41912,15.13091,15.44348,15.44952,15.5696,15.5686,15.19143,15.45288,16.13833,15.84155,210523,73925,0,0,0,0,0,0,0,0,0,0,0,0,-0.2,-0.143,6.42,11.36,0,15.72546,100.6571,9.99331
"2021-05-23 06:50:00",224,12.3,17.82,11.88,15.55462,15.3923,15.11413,15.4259,15.43176,15.55425,15.55044,15.17025,15.44122,16.1235,15.82668,210523,74925,0,0,0,0,0,0,0,0,0,0,0,0,-0.2,-0.143,6.42,11.36,0,15.70959,100.5792,9.98896
"2021-05-23 07:00:00",225,12.29,17.79,11.88,15.52874,15.37457,15.10122,15.39831,15.40569,15.53176,15.52777,15.15542,15.4302,16.0946,15.81329,210523,75925,0,0,0,0,0,0,0,0,0,0,0,0,-0.21,-0.145,6.42,11.36,0,15.6879,100.3885,9.97463
"2021-05-23 07:10:00",226,12.29,17.73,11.87,15.51357,15.34744,15.06228,15.37405,15.38546,15.5155,15.49944,15.12359,15.40527,16.0595,15.79925,210523,80925,0,0,0,0,0,0,0,0,0,0,0,0,-0.21,-0.147,6.42,11.36,0,15.6497,100.3969,9.9836
"2021-05-23 07:20:00",227,12.3,17.7,11.88,15.50198,15.32144,15.06539,15.3529,15.36624,15.48968,15.46276,15.10922,15.38284,16.00976,15.78311,210523,81925,0,0,0,0,0,0,0,0,0,0,0,0,-0.21,-0.146,6.42,11.36,0,15.63996,100.3908,9.98506
"2021-05-23 07:30:00",228,12.29,17.79,11.87,15.52813,15.39065,15.22781,15.39404,15.36926,15.48107,15.51339,15.22094,15.38339,16.08575,15.77007,210523,82925,0,0,0,0,0,0,0,0,0,0,0,0,-0.21,-0.146,6.42,11.36,0,15.69418,100.3155,9.96605
"2021-05-23 07:40:00",229,12.3,18.07,11.87,15.59219,15.50808,15.39489,15.47714,15.419,15.48751,15.65963,15.40869,15.44125,16.17391,15.75936,210523,83925,0,0,0,0,0,0,0,0,0,0,0,0,-0.21,-0.146,6.42,11.36,0,15.79372,100.1779,9.93126
"2021-05-23 07:50:00",230,12.29,18.24,11.87,15.65368,15.60101,15.50726,15.54775,15.47521,15.52453,15.79626,15.54583,15.50793,16.24133,15.75906,210523,84925,0,0,0,0,0,0,0,0,0,0,0,0,-0.21,-0.147,6.42,11.36,0,15.84385,100.0532,9.90834
"2021-05-23 08:00:00",231,12.28,18.36,11.86,15.70382,15.68157,15.59402,15.60793,15.52078,15.56396,15.90115,15.65798,15.55871,16.30874,15.76254,210523,85925,0,0,0,0,0,0,0,0,0,0,0,0,-0.21,-0.149,6.42,11.36,0,15.88963,99.9801,9.89146
"2021-05-23 08:10:00",232,12.29,18.47,11.86,15.74691,15.7398,15.65527,15.65374,15.55911,15.59561,15.98623,15.73962,15.59942,16.36389,15.7702,210523,90925,0,0,0,0,0,0,0,0,0,0,0,0,-0.21,-0.149,6.42,11.36,0,15.91281,99.9834,9.88691
"2021-05-23 08:20:00",233,12.29,18.56,11.88,15.78308,15.78829,15.69659,15.68752,15.58785,15.62472,16.04086,15.8074,15.63131,16.41027,15.77975,210523,91925,0,0,0,0,0,0,0,0,0,0,0,0,-0.22,-0.151,6.42,11.35,0,15.93541,100.0231,9.88608
"2021-05-23 08:30:00",234,12.29,18.64,11.88,15.81301,15.82257,15.73516,15.71273,15.60998,15.64324,16.07794,15.85693,15.65615,16.44964,15.79135,210523,92925,0,0,0,0,0,0,0,0,0,0,0,0,-0.22,-0.154,6.42,11.36,0,15.96426,99.9995,9.87771
"2021-05-23 08:40:00",235,12.29,18.7,11.86,15.83694,15.86132,15.77029,15.73525,15.63125,15.66598,16.1221,15.89297,15.67764,16.48419,15.80383,210523,93925,0,0,0,0,0,0,0,0,0,0,0,0,-0.22,-0.155,6.42,11.36,0,15.97966,99.9272,9.86734
"2021-05-23 08:50:00",236,12.29,18.76,11.86,15.85754,15.88568,15.79568,15.75219,15.64367,15.67916,16.1408,15.92333,15.69479,16.51074,15.8171,210523,94925,0,0,0,0,0,0,0,0,0,0,0,0,-0.22,-0.157,6.42,11.36,0,16.0018,99.8887,9.8589
"2021-05-23 09:00:00",237,12.29,18.8,11.85,15.87176,15.89306,15.81234,15.76263,15.64923,15.6907,16.15151,15.93148,15.70663,16.53277,15.82784,210523,95925,0,0,0,0,0,0,0,0,0,0,0,0,-0.23,-0.159,6.42,11.35,0,16.01766,99.8313,9.84991
"2021-05-23 09:10:00",238,12.29,18.82,11.86,15.88394,15.91204,15.82839,15.77325,15.65515,15.6997,16.15966,15.9497,15.71456,16.55294,15.83709,210523,100925,0,0,0,0,0,0,0,0,0,0,0,0,-0.23,-0.162,6.42,11.35,0,16.02363,99.7714,9.84277
"2021-05-23 09:20:00",239,12.29,18.84,11.85,15.89776,15.92867,15.84426,15.78106,15.66989,15.71057,16.18786,15.96044,15.72247,16.56732,15.84506,210523,101925,0,0,0,0,0,0,0,0,0,0,0,0,-0.23,-0.163,6.42,11.35,0,16.04367,99.7415,9.83562
"2021-05-23 09:30:00",240,12.29,18.87,11.85,15.90756,15.93929,15.8655,15.78875,15.67858,15.71975,16.20696,15.97515,15.73178,16.58477,15.85311,210523,102925,0,0,0,0,0,0,0,0,0,0,0,0,-0.23,-0.163,6.42,11.35,0,16.05054,99.866,9.84648
"2021-05-23 09:40:00",241,12.29,18.89,11.86,15.91534,15.93948,15.87502,15.79583,15.67907,15.72726,16.20349,15.9793,15.73879,16.59271,15.86196,210523,103925,0,0,0,0,0,0,0,0,0,0,0,0,-0.23,-0.162,6.42,11.35,0,16.06445,99.9748,9.85429
"2021-05-23 09:50:00",242,12.29,18.91,11.84,15.9186,15.93691,15.88055,15.79907,15.67672,15.73318,16.19903,15.97671,15.74316,16.60235,15.86685,210523,104925,0,0,0,0,0,0,0,0,0,0,0,0,-0.23,-0.162,6.42,11.35,0,16.06773,99.6567,9.82226
"2021-05-23 10:00:00",243,12.29,18.9,11.84,15.92138,15.94326,15.88458,15.80227,15.6799,15.73709,16.19699,15.98297,15.74578,16.60678,15.87267,210523,105925,0,0,0,0,0,0,0,0,0,0,0,0,-0.23,-0.164,6.42,11.35,0,16.06863,99.7025,9.82659
"2021-05-23 10:10:00",244,12.29,18.91,11.84,15.92953,15.96816,15.89303,15.80575,15.69125,15.74456,16.21746,16.00152,15.74972,16.6173,15.87698,210523,110925,0,0,0,0,0,0,0,0,0,0,0,0,-0.24,-0.166,6.42,11.35,0,16.07012,99.698,9.82581
"2021-05-23 10:20:00",245,12.3,18.92,11.85,15.9367,15.98574,15.90792,15.81185,15.7044,15.75314,16.24502,16.01562,15.75643,16.62576,15.88278,210523,111925,0,0,0,0,0,0,0,0,0,0,0,0,-0.24,-0.166,6.42,11.34,0,16.0915,99.8196,9.83336
"2021-05-23 10:30:00",246,12.3,18.93,11.84,15.9447,15.99859,15.93151,15.82122,15.71606,15.76074,16.26669,16.02978,15.76528,16.63897,15.89022,210523,112925,0,0,0,0,0,0,0,0,0,0,0,0,-0.24,-0.168,6.42,11.35,0,16.11168,99.684,9.81581
"2021-05-23 10:40:00",247,12.3,18.94,11.83,15.95342,16.01623,15.9512,15.8305,15.72604,15.76858,16.2803,16.04644,15.77322,16.64886,15.89999,210523,113925,0,0,0,0,0,0,0,0,0,0,0,0,-0.24,-0.169,6.42,11.35,0,16.11916,99.7704,9.82275
"2021-05-23 10:50:00",248,12.29,18.94,11.84,15.96343,16.03185,15.97006,15.8385,15.73794,15.77752,16.29809,16.06179,15.78314,16.66052,15.90908,210523,114925,0,0,0,0,0,0,0,0,0,0,0,0,-0.24,-0.171,6.42,11.33,0,16.13888,99.8641,9.82786
"2021-05-23 11:00:00",249,12.29,18.95,11.83,15.97424,16.05221,15.98574,15.84796,15.74667,15.78851,16.3157,16.08331,15.79156,16.673,15.9172,210523,115925,0,0,0,0,0,0,0,0,0,0,0,0,-0.24,-0.171,6.42,11.34,0,16.15741,99.8575,9.82337
"2021-05-23 11:10:00",250,12.29,18.96,11.83,15.98373,16.05355,16.00237,15.85629,15.75338,15.79797,16.32928,16.08056,15.79836,16.68655,15.92593,210523,120925,0,0,0,0,0,0,0,0,0,0,0,0,-0.24,-0.17,6.42,11.34,0,16.17249,99.8526,9.81975
"2021-05-23 11:20:00",251,12.29,18.98,11.83,15.98837,16.04986,16.00793,15.85934,15.7474,15.79705,16.31429,16.083,15.8027,16.68194,15.93279,210523,121925,0,0,0,0,0,0,0,0,0,0,0,0,-0.23,-0.164,6.42,11.34,0,16.174,99.7252,9.80693
"2021-05-23 11:30:00",252,12.29,18.98,11.84,15.98913,16.04843,16.00091,15.85681,15.73837,15.79156,16.29043,16.09332,15.80233,16.67858,15.93658,210523,122925,0,0,0,0,0,0,0,0,0,0,0,0,-0.23,-0.159,6.42,11.33,0,16.16084,99.7684,9.8139
"2021-05-23 11:40:00",253,12.29,18.99,11.82,15.98788,16.03951,15.98913,15.85336,15.73052,15.7893,16.2694,16.07354,15.79794,16.67501,15.9382,210523,123925,0,0,0,0,0,0,0,0,0,0,0,0,-0.23,-0.158,6.42,11.33,0,16.15786,99.7243,9.81018
"2021-05-23 11:50:00",254,12.26,18.99,11.82,15.98519,16.03652,15.98187,15.85104,15.72848,15.78805,16.27145,16.06674,15.79595,16.68514,15.93884,210523,124925,0,0,0,0,0,0,0,0,0,0,0,0,-0.23,-0.16,6.42,11.33,0,16.15068,99.7532,9.81449
"2021-05-23 12:00:00",255,12.29,19,11.82,15.98654,16.05139,15.98837,15.85726,15.73449,15.79522,16.28225,16.07788,15.80221,16.69265,15.94122,210523,125925,0,0,0,0,0,0,0,0,0,0,0,0,-0.23,-0.16,6.42,11.33,0,16.15337,99.7011,9.80882
"2021-05-23 12:10:00",256,12.29,19.01,11.82,15.99203,16.06173,15.9996,15.86489,15.73916,15.8023,16.28951,16.08468,15.80947,16.699,15.94589,210523,130925,0,0,0,0,0,0,0,0,0,0,0,0,-0.23,-0.16,6.42,11.33,0,16.15441,99.5932,9.79799
"2021-05-23 12:20:00",257,12.25,19.03,11.82,15.99801,16.07989,16.01397,15.87106,15.74981,15.81008,16.30184,16.09524,15.81771,16.70608,15.95071,210523,131925,0,0,0,0,0,0,0,0,0,0,0,0,-0.23,-0.161,6.42,11.33,0,16.15726,99.6045,9.7985
"2021-05-23 12:30:00",258,12.28,19.04,11.81,16.00772,16.10604,16.03332,15.87899,15.76248,15.82186,16.32443,16.1134,15.82842,16.72152,15.95718,210523,132925,0,0,0,0,0,0,0,0,0,0,0,0,-0.23,-0.162,6.42,11.33,0,16.15906,99.6397,9.80161
"2021-05-23 12:40:00",259,12.29,19.05,11.83,16.0187,16.12722,16.05017,15.89099,15.77453,15.83233,16.33965,16.13601,15.83962,16.73382,15.96429,210523,133925,0,0,0,0,0,0,0,0,0,0,0,0,-0.23,-0.161,6.42,11.33,0,16.17862,99.6717,9.80069
"2021-05-23 12:50:00",260,12.25,19.07,11.81,16.02929,16.13177,16.06628,15.89791,15.78298,15.84258,16.34722,16.14947,15.84973,16.74005,15.9717,210523,134925,0,0,0,0,0,0,0,0,0,0,0,0,-0.23,-0.162,6.42,11.33,0,16.18027,99.6788,9.80105
"2021-05-23 13:00:00",261,12.29,19.08,11.81,16.0389,16.14877,16.07949,15.90487,15.79214,15.85162,16.35729,16.16043,15.85815,16.75195,15.97839,210523,135925,0,0,0,0,0,0,0,0,0,0,0,0,-0.23,-0.162,6.42,11.32,0,16.19147,99.7056,9.80135
"2021-05-23 13:10:00",262,12.29,19.09,11.81,16.04778,16.15957,16.09112,15.91168,15.80065,15.86083,16.36779,16.17553,15.86724,16.75607,15.98538,210523,140925,0,0,0,0,0,0,0,0,0,0,0,0,-0.23,-0.162,6.42,11.32,0,16.20223,99.7822,9.80666
"2021-05-23 13:20:00",263,12.28,19.1,11.81,16.05688,16.16204,16.1029,15.91665,15.80749,15.86736,16.37515,16.18658,15.87448,16.76797,15.99343,210523,141925,0,0,0,0,0,0,0,0,0,0,0,0,-0.23,-0.161,6.42,11.32,0,16.20477,99.7298,9.80099
"2021-05-23 13:30:00",264,12.25,19.11,11.83,16.06613,16.16418,16.11102,15.92239,15.8121,15.8724,16.37869,16.1896,15.88116,16.76733,15.99954,210523,142925,0,0,0,0,0,0,0,0,0,0,0,0,-0.22,-0.157,6.42,11.32,0,16.2094,99.6871,9.79581
"2021-05-23 13:40:00",265,12.26,19.12,11.82,16.07314,16.18511,16.10955,15.92739,15.81481,15.88387,16.36318,16.21227,15.88626,16.78393,16.00479,210523,143925,0,0,0,0,0,0,0,0,0,0,0,0,-0.22,-0.155,6.42,11.32,0,16.20536,99.7463,9.80248
"2021-05-23 13:50:00",266,12.25,18.91,11.81,16.02172,16.09139,15.89257,15.91198,15.8081,15.90487,16.28842,16.01617,15.88497,16.74859,16.01418,210523,144925,0,0,0,0,0,0,0,0,0,0,0,0,-0.22,-0.153,6.42,11.32,0,16.14172,99.8667,9.82754
"2021-05-23 14:00:00",267,12.25,18.74,11.8,15.96688,15.99111,15.80548,15.87322,15.77252,15.88909,16.16802,15.87081,15.84448,16.68554,16.01855,210523,145925,0,0,0,0,0,0,0,0,0,0,0,0,-0.21,-0.148,6.42,11.32,0,16.06877,99.9477,9.85072
"2021-05-23 14:10:00",268,12.28,18.5,11.82,15.87628,15.83178,15.56915,15.77224,15.70782,15.83969,16.01672,15.63021,15.77352,16.5689,16.00976,210523,150925,0,0,0,0,0,0,0,0,0,0,0,0,-0.21,-0.15,6.42,11.32,0,15.97803,100.1333,9.88803
"2021-05-23 14:20:00",269,12.25,18.35,11.8,15.81338,15.73934,15.50262,15.71337,15.64053,15.7832,15.89993,15.53308,15.69879,16.50305,15.99047,210523,151925,0,0,0,0,0,0,0,0,0,0,0,0,-0.21,-0.149,6.42,11.31,0,15.91775,100.0333,9.89081
"2021-05-23 14:30:00",270,12.28,18.25,11.8,15.75857,15.66854,15.44961,15.66174,15.58917,15.73309,15.8193,15.46163,15.64694,16.42825,15.9681,210523,152925,0,0,0,0,0,0,0,0,0,0,0,0,-0.21,-0.147,6.42,11.31,0,15.88409,100.1222,9.90669
"2021-05-23 14:40:00",271,12.26,18.14,11.79,15.7058,15.58853,15.35147,15.59951,15.54666,15.69094,15.73803,15.37979,15.60278,16.36886,15.94396,210523,153925,0,0,0,0,0,0,0,0,0,0,0,0,-0.21,-0.148,6.42,11.31,0,15.82261,100.1168,9.91912
"2021-05-23 14:50:00",272,12.25,18.07,11.79,15.66424,15.5335,15.2741,15.55996,15.51254,15.65588,15.67886,15.31182,15.55425,16.32202,15.92053,210523,154925,0,0,0,0,0,0,0,0,0,0,0,0,-0.21,-0.146,6.42,11.31,0,15.78384,100.215,9.93705
"2021-05-23 15:00:00",273,12.25,18.02,11.79,15.62033,15.48886,15.22183,15.51934,15.47787,15.61987,15.62631,15.26608,15.51699,16.26708,15.89498,210523,155925,0,0,0,0,0,0,0,0,0,0,0,0,-0.2,-0.143,6.42,11.31,0,15.75211,100.2301,9.94526
"2021-05-23 15:10:00",274,12.25,17.95,11.78,15.59194,15.44308,15.1784,15.47967,15.44534,15.58901,15.57531,15.21768,15.48501,16.20687,15.86923,210523,160925,0,0,0,0,0,0,0,0,0,0,0,0,-0.2,-0.139,6.42,11.3,0,15.71841,100.2156,9.95097
"2021-05-23 15:20:00",275,12.25,17.89,11.78,15.54885,15.38058,15.08581,15.43435,15.40432,15.54632,15.50427,15.12567,15.44586,16.15011,15.84326,210523,161925,0,0,0,0,0,0,0,0,0,0,0,0,-0.19,-0.134,6.42,11.3,0,15.66333,100.3362,9.97467
"2021-05-23 15:30:00",276,12.26,17.82,11.78,15.4876,15.29919,15.01647,15.38577,15.36178,15.51098,15.4317,15.05053,15.401,16.10833,15.81533,210523,162925,0,0,0,0,0,0,0,0,0,0,0,0,-0.19,-0.132,6.42,11.3,0,15.60941,100.3594,9.98845
"2021-05-23 15:40:00",277,12.25,17.76,11.78,15.45342,15.23126,14.94024,15.32952,15.31414,15.47122,15.35714,14.9754,15.35015,16.04995,15.78491,210523,163925,0,0,0,0,0,0,0,0,0,0,0,0,-0.19,-0.13,6.42,11.3,0,15.55713,100.2264,9.98637
"2021-05-23 15:50:00",278,12.25,17.71,11.77,15.41027,15.18102,14.88723,15.27734,15.27447,15.42654,15.30233,14.93359,15.31719,15.99288,15.75445,210523,164925,0,0,0,0,0,0,0,0,0,0,0,0,-0.18,-0.129,6.42,11.3,0,15.52296,100.2704,9.99806
"2021-05-23 16:00:00",279,12.25,17.68,11.77,15.36862,15.11685,14.81649,15.24279,15.24056,15.39242,15.24764,14.86663,15.27581,15.93832,15.72476,210523,165925,0,0,0,0,0,0,0,0,0,0,0,0,-0.18,-0.127,6.42,11.3,0,15.4762,100.2575,10.00679
"2021-05-23 16:10:00",280,12.25,17.79,11.78,15.41741,15.21081,15.03558,15.29754,15.2387,15.36798,15.28933,15.02661,15.28726,15.97238,15.69589,210523,170925,0,0,0,0,0,0,0,0,0,0,0,0,-0.18,-0.125,6.42,11.31,0,15.53331,100.1911,9.98795
"2021-05-23 16:20:00",281,12.25,18.04,11.77,15.48144,15.33416,15.19967,15.37939,15.28747,15.38003,15.42404,15.21499,15.35058,16.04885,15.68066,210523,171925,0,0,0,0,0,0,0,0,0,0,0,0,-0.18,-0.124,6.42,11.31,0,15.61916,100.0599,9.95658
"2021-05-23 16:30:00",282,12.25,18.2,11.77,15.54028,15.42254,15.32406,15.45263,15.34439,15.42233,15.55587,15.35339,15.41906,16.11495,15.6726,210523,172925,0,0,0,0,0,0,0,0,0,0,0,0,-0.18,-0.124,6.42,11.31,0,15.66437,100.0516,9.94614
"2021-05-23 16:40:00",283,12.25,18.32,11.76,15.59326,15.49471,15.40777,15.51159,15.39114,15.46511,15.65756,15.46975,15.47372,16.17852,15.67294,210523,173925,0,0,0,0,0,0,0,0,0,0,0,0,-0.17,-0.122,6.42,11.31,0,15.68953,99.9594,9.93164
"2021-05-23 16:50:00",284,12.25,18.42,11.77,15.64083,15.56146,15.47299,15.55883,15.42883,15.50158,15.73492,15.55926,15.51641,16.24151,15.67779,210523,174925,0,0,0,0,0,0,0,0,0,0,0,0,-0.17,-0.119,6.42,11.31,0,15.71468,100.0619,9.93649
"2021-05-23 17:00:00",285,12.25,18.5,11.76,15.67782,15.60613,15.52648,15.59576,15.45849,15.53366,15.79385,15.62457,15.55078,16.29391,15.68533,210523,175925,0,0,0,0,0,0,0,0,0,0,0,0,-0.17,-0.118,6.42,11.31,0,15.73505,100.2227,9.94814
"2021-05-23 17:10:00",286,12.26,18.58,11.75,15.70773,15.65359,15.57372,15.62109,15.48068,15.55569,15.84518,15.6799,15.57733,16.33407,15.69573,210523,180925,0,0,0,0,0,0,0,0,0,0,0,0,-0.16,-0.115,6.42,11.3,0,15.7557,100.0267,9.92433
"2021-05-23 17:20:00",287,12.25,18.63,11.76,15.73226,15.67764,15.61373,15.6434,15.4978,15.5754,15.87768,15.71337,15.59789,16.37228,15.70712,210523,181925,0,0,0,0,0,0,0,0,0,0,0,0,-0.16,-0.113,6.42,11.3,0,15.77681,100.1036,9.92749
"2021-05-23 17:30:00",288,12.25,18.68,11.76,15.75125,15.69293,15.64233,15.66259,15.51373,15.59085,15.91116,15.73422,15.61575,16.40344,15.71649,210523,182925,0,0,0,0,0,0,0,0,0,0,0,0,-0.16,-0.112,6.42,11.3,0,15.79731,100.19,9.93172
"2021-05-23 17:40:00",289,12.25,18.72,11.75,15.7669,15.71179,15.66497,15.67587,15.53018,15.60461,15.93368,15.75741,15.63146,16.4277,15.7257,210523,183925,0,0,0,0,0,0,0,0,0,0,0,0,-0.15,-0.109,6.42,11.3,0,15.79926,100.1301,9.92536
"2021-05-23 17:50:00",290,12.24,18.76,11.75,15.77914,15.76531,15.68115,15.68597,15.54098,15.61648,15.9497,15.82549,15.64385,16.44601,15.73489,210523,184925,0,0,0,0,0,0,0,0,0,0,0,0,-0.15,-0.107,6.42,11.3,0,15.80972,100.1427,9.9244
"2021-05-23 18:00:00",291,12.25,18.78,11.76,15.79034,15.78045,15.69372,15.69253,15.54913,15.6231,15.96356,15.81408,15.65252,16.46603,15.7413,210523,185925,0,0,0,0,0,0,0,0,0,0,0,0,-0.15,-0.105,6.42,11.29,0,15.82171,100.0992,9.91756
"2021-05-23 18:10:00",292,12.25,18.8,11.74,15.79815,15.77932,15.70489,15.7004,15.55297,15.63143,15.97018,15.81945,15.66,16.48101,15.74682,210523,190925,0,0,0,0,0,0,0,0,0,0,0,0,-0.15,-0.103,6.42,11.29,0,15.8214,100.2485,9.93241
"2021-05-23 18:20:00",293,12.26,18.82,11.74,15.80779,15.77056,15.71157,15.70626,15.55563,15.63781,15.97436,15.81619,15.66656,16.49188,15.75161,210523,191925,0,0,0,0,0,0,0,0,0,0,0,0,-0.14,-0.1,6.42,11.28,0,15.82261,100.1404,9.92146
"2021-05-23 18:30:00",294,12.25,18.83,11.74,15.81304,15.77023,15.71691,15.71014,15.55703,15.64215,15.97717,15.81838,15.6712,16.49746,15.75466,210523,192924,0,0,0,0,0,0,0,0,0,0,0,0,-0.14,-0.098,6.42,11.29,0,15.8223,100.281,9.93545
"2021-05-23 18:40:00",295,12.25,18.84,11.75,15.81631,15.773,15.71896,15.71249,15.55969,15.64645,15.97631,15.82696,15.6755,16.50125,15.75756,210523,193925,0,0,0,0,0,0,0,0,0,0,0,0,-0.14,-0.096,6.42,11.28,0,15.82349,100.0965,9.91693
"2021-05-23 18:50:00",296,12.25,18.85,11.74,15.86508,15.81368,15.77419,15.72857,15.57376,15.6575,15.99304,15.85909,15.68475,16.49276,15.75759,210523,194925,0,0,0,0,0,0,0,0,0,0,0,0,-0.14,-0.095,6.42,11.29,0,15.84355,100.2481,9.9277
"2021-05-23 19:00:00",297,12.25,18.86,11.74,15.85903,15.82257,15.74371,15.72814,15.57788,15.66976,15.99691,15.86807,15.69329,16.52041,15.7593,210523,195925,0,0,0,0,0,0,0,0,0,0,0,0,-0.13,-0.093,6.42,11.29,0,15.84385,100.2439,9.92722
"2021-05-23 19:10:00",298,12.25,18.89,11.74,15.85644,15.82449,15.7376,15.72671,15.57891,15.67199,15.99014,15.86047,15.69384,16.52236,15.76052,210523,200925,0,0,0,0,0,0,0,0,0,0,0,0,-0.13,-0.089,6.42,11.28,0,15.83666,100.3023,9.93453
"2021-05-23 19:20:00",299,12.25,18.91,11.73,15.85397,15.81451,15.73464,15.7246,15.57644,15.67251,15.98101,15.85476,15.69229,16.52441,15.76095,210523,201925,0,0,0,0,0,0,0,0,0,0,0,0,-0.12,-0.086,6.42,11.29,0,15.82215,100.166,9.9241
"2021-05-23 19:30:00",300,12.25,18.91,11.73,15.85012,15.81729,15.72848,15.72384,15.57388,15.67193,15.97247,15.85607,15.69036,16.52593,15.76196,210523,202925,0,0,0,0,0,0,0,0,0,0,0,0,-0.12,-0.086,6.42,11.29,0,15.82095,100.208,9.9285
"2021-05-23 19:40:00",301,12.25,18.91,11.73,15.84658,15.80398,15.72329,15.72109,15.57232,15.66842,15.96816,15.85439,15.68954,16.52548,15.75964,210523,203925,0,0,0,0,0,0,0,0,0,0,0,0,-0.12,-0.084,6.42,11.28,0,15.81737,100.2966,9.93804
"2021-05-23 19:50:00",302,12.25,18.91,11.74,15.84335,15.79113,15.71685,15.71957,15.5704,15.66555,15.95843,15.8366,15.6874,16.52505,15.7575,210523,204925,0,0,0,0,0,0,0,0,0,0,0,0,-0.12,-0.082,6.42,11.29,0,15.80374,100.4315,9.9543
"2021-05-23 20:00:00",303,12.26,18.91,11.72,15.83834,15.78204,15.7084,15.71664,15.56735,15.66287,15.95053,15.82049,15.68514,16.52017,15.75543,210523,205925,0,0,0,0,0,0,0,0,0,0,0,0,-0.11,-0.081,6.42,11.28,0,15.79897,100.1906,9.93143
"2021-05-23 20:10:00",304,12.25,18.91,11.72,15.83386,15.7658,15.69915,15.71362,15.56414,15.66406,15.94125,15.80734,15.68334,16.51702,15.7525,210523,210925,0,0,0,0,0,0,0,0,0,0,0,0,-0.11,-0.078,6.42,11.29,0,15.79731,100.3728,9.94985
"2021-05-23 20:20:00",305,12.25,18.91,11.72,15.82659,15.7525,15.68902,15.71139,15.56231,15.66448,15.92861,15.78897,15.67919,16.51534,15.74853,210523,211925,0,0,0,0,0,0,0,0,0,0,0,0,-0.11,-0.076,6.42,11.28,0,15.78025,100.3442,9.95062
"2021-05-23 20:30:00",306,12.21,18.91,11.72,15.81726,15.74392,15.68328,15.71099,15.56066,15.66455,15.92517,15.78597,15.67486,16.51501,15.74572,210523,212925,0,0,0,0,0,0,0,0,0,0,0,0,-0.1,-0.073,6.42,11.28,0,15.7765,100.316,9.9486
"2021-05-23 20:40:00",307,12.21,18.91,11.71,15.80877,15.73693,15.67648,15.70965,15.55844,15.66464,15.91839,15.776,15.67236,16.51318,15.74264,210523,213925,0,0,0,0,0,0,0,0,0,0,0,0,-0.1,-0.071,6.42,11.28,0,15.76932,100.3414,9.95266
"2021-05-23 20:50:00",308,12.26,18.93,11.71,15.80157,15.72738,15.67196,15.71008,15.55737,15.66104,15.90939,15.76666,15.66955,16.5126,15.73858,210523,214925,0,0,0,0,0,0,0,0,0,0,0,0,-0.1,-0.07,6.42,11.27,0,15.7536,100.5806,9.97973
"2021-05-23 21:00:00",309,12.23,18.94,11.72,15.79928,15.72479,15.66467,15.70645,15.55535,15.6614,15.90264,15.75726,15.66726,16.50738,15.7337,210523,215925,0,0,0,0,0,0,0,0,0,0,0,0,-0.1,-0.069,6.42,11.28,0,15.75376,100.4922,9.97092
"2021-05-23 21:10:00",310,12.23,18.94,11.71,15.78976,15.72726,15.65862,15.704,15.5534,15.66253,15.89974,15.75115,15.66567,16.50021,15.73001,210523,220925,0,0,0,0,0,0,0,0,0,0,0,0,-0.09,-0.066,6.42,11.27,0,15.74253,100.4231,9.96645
"2021-05-23 21:20:00",311,12.21,18.93,11.7,15.78396,15.72344,15.65597,15.70226,15.55349,15.66256,15.8945,15.73907,15.66455,16.49954,15.72552,210523,221925,0,0,0,0,0,0,0,0,0,0,0,0,-0.09,-0.065,6.42,11.27,0,15.73266,100.4655,9.97276
"2021-05-23 21:30:00",312,12.22,18.93,11.72,15.77767,15.71914,15.65371,15.70056,15.55163,15.65896,15.89099,15.74185,15.66375,16.50045,15.7225,210523,222925,0,0,0,0,0,0,0,0,0,0,0,0,-0.09,-0.063,6.42,11.27,0,15.73161,100.5901,9.98535
"2021-05-23 21:40:00",313,12.22,18.93,11.71,15.77148,15.71908,15.6495,15.69714,15.5491,15.65612,15.88189,15.72772,15.66043,16.49383,15.71847,210523,223925,0,0,0,0,0,0,0,0,0,0,0,0,-0.09,-0.062,6.42,11.27,0,15.72442,100.5023,9.97815
"2021-05-23 21:50:00",314,12.21,18.94,11.7,15.7618,15.71569,15.64495,15.69451,15.54678,15.65786,15.871,15.73135,15.65887,16.48599,15.71417,210523,224925,0,0,0,0,0,0,0,0,0,0,0,0,-0.09,-0.061,6.42,11.27,0,15.71004,100.542,9.98517
"2021-05-23 22:00:00",315,12.22,18.93,11.7,15.75445,15.70489,15.63723,15.69146,15.54525,15.65985,15.86447,15.72964,15.65524,16.4905,15.71044,210523,225925,0,0,0,0,0,0,0,0,0,0,0,0,-0.09,-0.061,6.42,11.26,0,15.71019,100.5352,9.98447
"2021-05-23 22:10:00",316,12.21,18.94,11.69,15.74456,15.6578,15.63015,15.68701,15.54464,15.66607,15.85964,15.72766,15.65203,16.48562,15.70519,210523,230925,0,0,0,0,0,0,0,0,0,0,0,0,-0.08,-0.059,6.42,11.26,0,15.70331,100.5645,9.98884
"2021-05-23 22:20:00",317,12.2,18.92,11.69,15.72531,15.64147,15.62371,15.68041,15.53982,15.66934,15.84878,15.72863,15.64794,16.4754,15.70175,210523,231925,0,0,0,0,0,0,0,0,0,0,0,0,-0.08,-0.058,6.42,11.27,0,15.68684,100.5473,9.99064
"2021-05-23 22:30:00",318,12.21,18.9,11.69,15.70053,15.58056,15.6097,15.6733,15.52981,15.66848,15.83657,15.69668,15.64056,16.45547,15.69671,210523,232925,0,0,0,0,0,0,0,0,0,0,0,0,-0.08,-0.057,6.42,11.26,0,15.68684,100.5441,9.99031
"2021-05-23 22:40:00",319,12.21,18.89,11.69,15.69103,15.54119,15.59142,15.66784,15.52175,15.66455,15.80087,15.6726,15.6322,16.4367,15.69106,210523,233925,0,0,0,0,0,0,0,0,0,0,0,0,-0.08,-0.056,6.42,11.27,0,15.66542,100.5678,9.99725
"2021-05-23 22:50:00",320,12.21,18.88,11.7,15.68051,15.51483,15.58853,15.66323,15.51367,15.65942,15.77453,15.65914,15.62417,16.41616,15.68637,210523,234925,0,0,0,0,0,0,0,0,0,0,0,0,-0.08,-0.057,6.42,11.27,0,15.66377,100.5718,9.99799
"2021-05-23 23:00:00",321,12.22,18.88,11.68,15.66903,15.48129,15.57134,15.65765,15.50323,15.6545,15.75955,15.6459,15.61498,16.39926,15.682,210523,235925,0,0,0,0,0,0,0,0,0,0,0,0,-0.08,-0.057,6.42,11.27,0,15.65164,100.5351,9.99692
"2021-05-23 23:10:00",322,12.22,18.88,11.68,15.65566,15.46536,15.56994,15.6531,15.49124,15.65029,15.74804,15.63384,15.60439,16.38464,15.67651,210524,925,0,0,0,0,0,0,0,0,0,0,0,0,-0.08,-0.058,6.42,11.26,0,15.64221,100.5099,9.99645
"2021-05-23 23:20:00",323,12.21,18.87,11.68,15.64382,15.44937,15.56268,15.6488,15.47946,15.64474,15.73559,15.62152,15.59246,16.36962,15.67092,210524,1925,0,0,0,0,0,0,0,0,0,0,0,0,-0.08,-0.055,6.42,11.26,0,15.63577,100.6238,10.00913
"2021-05-23 23:30:00",324,12.21,18.86,11.68,15.63906,15.42809,15.55093,15.6426,15.47137,15.63918,15.72695,15.61035,15.58224,16.35153,15.66534,210524,2925,0,0,0,0,0,0,0,0,0,0,0,0,-0.08,-0.055,6.42,11.26,0,15.61899,100.5659,10.00697
"2021-05-23 23:40:00",325,12.21,18.84,11.67,15.63088,15.41058,15.53658,15.63494,15.4627,15.63244,15.71301,15.59994,15.57241,16.33599,15.6607,210524,3925,0,0,0,0,0,0,0,0,0,0,0,0,-0.08,-0.055,6.42,11.27,0,15.61916,100.6532,10.01562
"2021-05-23 23:50:00",326,12.21,18.83,11.67,15.62155,15.3945,15.53683,15.63104,15.45367,15.6242,15.7037,15.57943,15.56426,16.31936,15.65652,210524,4925,0,0,0,0,0,0,0,0,0,0,0,0,-0.08,-0.055,6.42,11.25,0,15.59727,100.7812,10.03305
"2021-05-24 00:00:00",327,12.22,18.83,11.68,15.61367,15.36282,15.52688,15.62301,15.44378,15.61532,15.68923,15.56014,15.5534,16.30239,15.65161,210524,5925,0,0,0,0,0,0,0,0,0,0,0,0,-0.08,-0.055,6.42,11.26,0,15.5808,100.7924,10.0377
"2021-05-24 00:10:00",328,12.22,18.81,11.67,15.60192,15.32928,15.53646,15.61587,15.43313,15.60906,15.67535,15.54321,15.54403,16.28784,15.64709,210524,10925,0,0,0,0,0,0,0,0,0,0,0,0,-0.08,-0.055,6.42,11.26,0,15.57016,100.9043,10.05111
"2021-05-24 00:20:00",329,12.21,18.81,11.67,15.58511,15.31228,15.53341,15.60992,15.42089,15.59963,15.66198,15.52648,15.53369,16.2727,15.6412,210524,11925,0,0,0,0,0,0,0,0,0,0,0,0,-0.07,-0.052,6.42,11.26,0,15.55219,100.9917,10.0637
"2021-05-24 00:30:00",330,12.22,18.81,11.66,15.57665,15.27828,15.49966,15.6014,15.41067,15.58892,15.64294,15.50082,15.52215,16.25173,15.63561,210524,12925,0,0,0,0,0,0,0,0,0,0,0,0,-0.07,-0.052,6.42,11.26,0,15.5294,101.076,10.077
"2021-05-24 00:40:00",331,12.22,18.81,11.67,15.56713,15.26208,15.49389,15.59326,15.40277,15.5798,15.63037,15.48812,15.51235,16.23611,15.63122,210524,13925,0,0,0,0,0,0,0,0,0,0,0,0,-0.07,-0.052,6.42,11.25,0,15.51277,101.1314,10.08609
"2021-05-24 00:50:00",332,12.22,18.81,11.66,15.54827,15.233,15.49111,15.58608,15.39257,15.57125,15.62054,15.46142,15.50411,16.21853,15.62625,210524,14925,0,0,0,0,0,0,0,0,0,0,0,0,-0.07,-0.05,6.42,11.25,0,15.50662,101.0888,10.08318
"2021-05-24 01:00:00",333,12.21,18.81,11.66,15.51876,15.19045,15.4577,15.57507,15.37789,15.56173,15.59875,15.43426,15.49157,16.199,15.62026,210524,15925,0,0,0,0,0,0,0,0,0,0,0,0,-0.07,-0.049,6.42,11.25,0,15.48475,101.0987,10.08891
"2021-05-24 01:10:00",334,12.2,18.81,11.67,15.49581,15.14968,15.42922,15.56017,15.35687,15.54922,15.57424,15.4049,15.47528,16.17303,15.6144,210524,20925,0,0,0,0,0,0,0,0,0,0,0,0,-0.07,-0.049,6.42,11.25,0,15.45448,101.1015,10.09573
"2021-05-24 01:20:00",335,12.19,18.81,11.65,15.45654,15.10903,15.39559,15.5429,15.33669,15.53643,15.55099,15.37713,15.45638,16.14498,15.60742,210524,21925,0,0,0,0,0,0,0,0,0,0,0,0,-0.07,-0.048,6.42,11.25,0,15.43932,101.2199,10.11082
"2021-05-24 01:30:00",336,12.21,18.81,11.65,15.44219,15.07894,15.37167,15.52819,15.31985,15.52148,15.52011,15.34915,15.43878,16.11932,15.59985,210524,22925,0,0,0,0,0,0,0,0,0,0,0,0,-0.07,-0.049,6.42,11.25,0,15.4164,101.1848,10.11229
"2021-05-24 01:40:00",337,12.21,18.8,11.65,15.41653,15.04028,15.35177,15.51492,15.30258,15.50762,15.50311,15.32275,15.42324,16.09384,15.592,210524,23925,0,0,0,0,0,0,0,0,0,0,0,0,-0.07,-0.048,6.42,11.25,0,15.39449,101.2154,10.1201
"2021-05-24 01:50:00",338,12.21,18.78,11.65,15.39538,15.00451,15.32583,15.50131,15.28466,15.49529,15.48266,15.29278,15.40658,16.06539,15.58337,210524,24925,0,0,0,0,0,0,0,0,0,0,0,0,-0.06,-0.045,6.42,11.26,0,15.36766,101.0597,10.11035
"2021-05-24 02:00:00",339,12.22,18.78,11.65,15.35888,14.96401,15.28912,15.48651,15.26443,15.48062,15.45132,15.26312,15.38857,16.03774,15.57394,210524,25925,0,0,0,0,0,0,0,0,0,0,0,0,-0.06,-0.044,6.42,11.25,0,15.34906,101.1371,10.12213
"2021-05-24 02:10:00",340,12.21,18.78,11.65,15.32641,14.92397,15.27511,15.46984,15.24325,15.46478,15.43514,15.22628,15.37057,16.00869,15.56417,210524,30925,0,0,0,0,0,0,0,0,0,0,0,0,-0.06,-0.043,6.42,11.25,0,15.31606,101.1677,10.13235
"2021-05-24 02:20:00",341,12.17,18.75,11.66,15.29293,14.87728,15.23251,15.44708,15.22048,15.44775,15.40722,15.19039,15.34826,15.97482,15.55303,210524,31925,0,0,0,0,0,0,0,0,0,0,0,0,-0.06,-0.042,6.42,11.25,0,15.28215,101.0573,10.12867
"2021-05-24 02:30:00",342,12.21,18.75,11.65,15.24716,14.84155,15.21276,15.42797,15.19326,15.42855,15.37866,15.16421,15.32467,15.93832,15.54046,210524,32925,0,0,0,0,0,0,0,0,0,0,0,0,-0.06,-0.041,6.42,11.25,0,15.25184,101.139,10.14348
"2021-05-24 02:40:00",343,12.22,18.75,11.65,15.233,14.79437,15.18225,15.40795,15.1694,15.4078,15.35348,15.12976,15.30105,15.902,15.52749,210524,33925,0,0,0,0,0,0,0,0,0,0,0,0,-0.06,-0.04,6.42,11.25,0,15.21462,101.084,10.14607
"2021-05-24 02:50:00",344,12.22,18.73,11.64,15.2062,14.76776,15.14184,15.39184,15.14498,15.39163,15.32305,15.10476,15.28045,15.86718,15.51461,210524,34925,0,0,0,0,0,0,0,0,0,0,0,0,-0.06,-0.04,6.42,11.25,0,15.19122,101.1457,10.15737
"2021-05-24 03:00:00",345,12.22,18.7,11.64,15.17181,14.73425,15.10772,15.37258,15.11968,15.37387,15.29653,15.08096,15.25823,15.83383,15.50048,210524,35925,0,0,0,0,0,0,0,0,0,0,0,0,-0.06,-0.039,6.42,11.25,0,15.15878,101.1004,10.15991
"2021-05-24 03:10:00",346,12.2,18.68,11.64,15.14248,14.69692,15.07244,15.34908,15.09496,15.35153,15.27288,15.05221,15.23672,15.80242,15.48577,210524,40925,0,0,0,0,0,0,0,0,0,0,0,0,-0.05,-0.038,6.42,11.25,0,15.12696,101.2442,10.18135
"2021-05-24 03:20:00",347,12.22,18.64,11.64,15.10272,14.6527,15.04678,15.33114,15.06948,15.33224,15.25213,15.01858,15.21218,15.77105,15.47094,210524,41925,0,0,0,0,0,0,0,0,0,0,0,0,-0.05,-0.037,6.42,11.25,0,15.09528,101.2759,10.19149
"2021-05-24 03:30:00",348,12.18,18.63,11.64,15.06985,14.62387,15.01418,15.3132,15.0483,15.31118,15.22064,14.99343,15.18786,15.74185,15.45547,210524,42925,0,0,0,0,0,0,0,0,0,0,0,0,-0.05,-0.036,6.42,11.25,0,15.07951,101.1993,10.18724
"2021-05-24 03:40:00",349,12.21,18.62,11.63,15.05151,14.58996,14.98248,15.28997,15.02459,15.29116,15.19119,14.96383,15.16427,15.70928,15.43963,210524,43925,0,0,0,0,0,0,0,0,0,0,0,0,-0.05,-0.035,6.42,11.24,0,15.05413,101.273,10.20023
"2021-05-24 03:50:00",350,12.18,18.6,11.63,15.03246,14.57,14.96487,15.27392,15.00436,15.27337,15.17538,14.94482,15.14279,15.68502,15.42529,210524,44925,0,0,0,0,0,0,0,0,0,0,0,0,-0.05,-0.035,6.42,11.24,0,15.02393,101.2247,10.20202
"2021-05-24 04:00:00",351,12.19,18.57,11.63,15.01644,14.54257,14.9331,15.26046,14.98757,15.25747,15.1484,14.92275,15.12368,15.6596,15.41097,210524,45925,0,0,0,0,0,0,0,0,0,0,0,0,-0.05,-0.032,6.42,11.24,0,15.0065,101.2318,10.20658
"2021-05-24 04:10:00",352,12.2,18.57,11.63,14.98031,14.51568,14.91793,15.2478,14.96728,15.24099,15.13403,14.90887,15.1054,15.63854,15.39703,210524,50925,0,0,0,0,0,0,0,0,0,0,0,0,-0.04,-0.032,6.42,11.24,0,14.98832,101.1534,10.20269
"2021-05-24 04:20:00",353,12.17,18.54,11.64,14.97567,14.48995,14.87826,15.22903,14.9476,15.22732,15.10427,14.88262,15.08929,15.60729,15.38149,210524,51925,0,0,0,0,0,0,0,0,0,0,0,0,-0.04,-0.031,6.42,11.24,0,14.94428,101.4375,10.24108
"2021-05-24 04:30:00",354,12.18,18.52,11.62,14.96679,14.46118,14.86276,15.21084,14.93408,15.21111,15.08511,14.85641,15.07287,15.58431,15.36532,210524,52925,0,0,0,0,0,0,0,0,0,0,0,0,-0.04,-0.029,6.42,11.23,0,14.92836,101.3379,10.23453
"2021-05-24 04:40:00",355,12.18,18.5,11.62,14.94848,14.43447,14.83788,15.19558,14.92224,15.19674,15.06082,14.83673,15.05407,15.56075,15.34997,210524,53925,0,0,0,0,0,0,0,0,0,0,0,0,-0.04,-0.027,6.42,11.24,0,14.92068,101.4026,10.24276
"2021-05-24 04:50:00",356,12.17,18.46,11.62,14.93554,14.40896,14.81649,15.18035,14.90786,15.18112,15.04763,14.81005,15.03793,15.5404,15.33581,210524,54925,0,0,0,0,0,0,0,0,0,0,0,0,-0.04,-0.026,6.42,11.23,0,14.8992,101.4105,10.24832
"2021-05-24 05:00:00",357,12.17,18.46,11.63,14.9219,14.41873,14.82205,15.16754,14.90264,15.1712,15.03762,14.81249,15.02929,15.53149,15.32293,210524,55925,0,0,0,0,0,0,0,0,0,0,0,0,-0.04,-0.025,6.42,11.24,0,14.90265,101.4094,10.24744
"2021-05-24 05:10:00",358,12.19,18.48,11.62,14.94204,14.47845,14.85308,15.16339,14.9291,15.16863,15.06878,14.84173,15.03131,15.54342,15.31314,210524,60925,0,0,0,0,0,0,0,0,0,0,0,0,-0.03,-0.023,6.42,11.23,0,14.93858,101.5313,10.25179
"2021-05-24 05:20:00",359,12.2,18.52,11.62,15.01983,14.63522,14.94799,15.18691,15.00088,15.18771,15.1658,14.93795,15.06637,15.59487,15.30703,210524,61925,0,0,0,0,0,0,0,0,0,0,0,0,-0.03,-0.022,6.42,11.24,0,15.02647,101.5672,10.23598
"2021-05-24 05:30:00",360,12.18,18.54,11.63,15.10085,14.80194,15.05609,15.23876,15.08892,15.22979,15.2817,15.06668,15.12234,15.67288,15.30947,210524,62925,0,0,0,0,0,0,0,0,0,0,0,0,-0.03,-0.022,6.42,11.23,0,15.14663,101.4828,10.20102
"2021-05-24 05:40:00",361,12.18,18.58,11.61,15.16702,14.99563,15.17486,15.27868,15.17346,15.27654,15.41616,15.20657,15.17892,15.77624,15.31814,210524,63925,0,0,0,0,0,0,0,0,0,0,0,0,-0.03,-0.02,6.42,11.23,0,15.25996,101.8321,10.21121
"2021-05-24 05:50:00",362,12.18,18.57,11.61,15.22424,15.148,15.25591,15.32543,15.24172,15.32064,15.5339,15.32781,15.22674,15.85714,15.33306,210524,64925,0,0,0,0,0,0,0,0,0,0,0,0,-0.03,-0.02,6.42,11.23,0,15.34996,101.9328,10.20157
"2021-05-24 06:00:00",363,12.18,18.59,11.6,15.26742,15.25909,15.32714,15.37805,15.29009,15.35607,15.62625,15.39651,15.2713,15.91995,15.35342,210524,65925,0,0,0,0,0,0,0,0,0,0,0,0,-0.02,-0.017,6.42,11.23,0,15.43903,101.8998,10.17881
"2021-05-24 06:10:00",364,12.18,18.61,11.59,15.30129,15.35226,15.3915,15.41802,15.3218,15.38168,15.68063,15.4566,15.30758,15.98828,15.37451,210524,70925,0,0,0,0,0,0,0,0,0,0,0,0,-0.02,-0.016,6.42,11.23,0,15.49643,101.82,10.15834
"2021-05-24 06:20:00",365,12.17,18.63,11.59,15.33755,15.40374,15.43728,15.44058,15.34042,15.4046,15.70175,15.5111,15.33505,16.05017,15.39492,210524,71925,0,0,0,0,0,0,0,0,0,0,0,0,-0.02,-0.016,6.42,11.23,0,15.54108,101.5476,10.12148
"2021-05-24 06:30:00",366,12.17,18.65,11.6,15.3652,15.44415,15.46469,15.45803,15.35394,15.42227,15.72183,15.53832,15.3579,16.09872,15.41198,210524,72925,0,0,0,0,0,0,0,0,0,0,0,0,-0.02,-0.015,6.42,11.22,0,15.5703,101.8602,10.14631
"2021-05-24 06:40:00",367,12.17,18.67,11.59,15.38333,15.47238,15.47885,15.47091,15.36187,15.43334,15.72112,15.56552,15.37661,16.13806,15.4252,210524,73925,0,0,0,0,0,0,0,0,0,0,0,0,-0.02,-0.014,6.42,11.22,0,15.57526,101.7399,10.13325
"2021-05-24 06:50:00",368,12.17,18.69,11.59,15.4017,15.49249,15.48763,15.47338,15.36584,15.44137,15.72958,15.58303,15.39172,16.16949,15.43505,210524,74925,0,0,0,0,0,0,0,0,0,0,0,0,-0.02,-0.012,6.42,11.22,0,15.57749,101.6073,10.11957
"2021-05-24 07:00:00",369,12.16,18.69,11.59,15.41082,15.49209,15.4859,15.4743,15.36401,15.4457,15.72351,15.58022,15.40438,16.19143,15.44183,210524,75925,0,0,0,0,0,0,0,0,0,0,0,0,-0.02,-0.011,6.42,11.22,0,15.57436,101.4719,10.10674
"2021-05-26 07:40:00",370,12.21,15.56,11.65,15.23315,15.03854,15.01345,14.9876,14.85345,14.75845,14.84988,14.73364,14.90408,14.77603,15.34033,210526,83925,0,0,0,0,0,0,0,0,0,0,0,0,-0.16,-0.115,6.42,11.25,0,15.15053,99.8598,10.03702
"2021-05-26 07:50:00",371,12.17,16.64,11.6,15.22604,15.0458,15.01675,14.98568,14.85897,14.76791,14.87597,14.738,14.89334,14.94018,15.33389,210526,84925,0,0,0,0,0,0,0,0,0,0,0,0,-0.16,-0.116,6.42,11.23,0,15.13612,99.7046,10.02455
"2021-05-26 08:00:00",372,12.17,17.22,11.6,15.22677,15.03991,15.01977,14.96499,14.84353,14.7601,14.89535,14.74267,14.88494,15.05181,15.32611,210526,85925,0,0,0,0,0,0,0,0,0,0,0,0,-0.16,-0.116,6.42,11.24,0,15.10954,99.6898,10.02878
"2021-05-26 08:10:00",373,12.15,17.56,11.59,15.22994,15.03317,15.02975,14.98232,14.85101,14.75262,14.89269,14.72814,14.88809,15.11999,15.31591,210526,90925,0,0,0,0,0,0,0,0,0,0,0,0,-0.16,-0.116,6.42,11.22,0,15.10294,99.7224,10.03351
"2021-05-26 08:20:00",374,12.13,17.76,11.58,15.23944,15.02593,15.02383,14.99935,14.85928,14.7471,14.89507,14.72946,14.89163,15.15804,15.30776,210526,91925,0,0,0,0,0,0,0,0,0,0,0,0,-0.17,-0.117,6.42,11.23,0,15.10158,99.8424,10.04586
"2021-05-26 08:30:00",375,12.15,17.89,11.58,15.22692,15.0292,15.02557,14.99627,14.86727,14.75936,14.92013,14.74389,14.88812,15.19671,15.29891,210526,92925,0,0,0,0,0,0,0,0,0,0,0,0,-0.17,-0.119,6.42,11.21,0,15.08852,99.7211,10.03648
"2021-05-26 08:40:00",376,12.13,17.96,11.58,15.21115,15.03131,15.03716,15.0053,14.87478,14.79742,14.91604,14.77136,14.89675,15.24276,15.294,210526,93925,0,0,0,0,0,0,0,0,0,0,0,0,-0.17,-0.12,6.42,11.22,0,15.09798,99.6689,10.0292
"2021-05-26 08:50:00",377,12.15,18.01,11.59,15.21914,15.03118,15.01568,14.99145,14.8478,14.785,14.92452,14.76519,14.89776,15.24398,15.28811,210526,94925,0,0,0,0,0,0,0,0,0,0,0,0,-0.17,-0.121,6.42,11.21,0,15.08041,99.7226,10.03839
"2021-05-26 09:00:00",378,12.14,18.04,11.57,15.17871,15.02276,15.00262,14.95834,14.82226,14.79043,14.91174,14.7669,14.87432,15.24758,15.28021,210526,95925,0,0,0,0,0,0,0,0,0,0,0,0,-0.17,-0.122,6.42,11.21,0,15.078,99.5947,10.02604
"2021-05-26 09:10:00",379,12.13,18.04,11.57,15.17596,15.00314,15.00439,14.90792,14.8019,14.77151,14.89095,14.74758,14.86123,15.24432,15.27059,210526,100925,0,0,0,0,0,0,0,0,0,0,0,0,-0.18,-0.123,6.42,11.2,0,15.05728,99.6209,10.03315
"2021-05-26 09:20:00",380,12.14,18.05,11.57,15.15679,14.98641,14.99175,14.92254,14.78161,14.75949,14.86132,14.72936,14.84231,15.24114,15.25891,210526,101925,0,0,0,0,0,0,0,0,0,0,0,0,-0.18,-0.124,6.42,11.2,0,15.03579,99.7077,10.04655
"2021-05-26 09:30:00",381,12.14,18.04,11.56,15.15017,14.97875,14.97329,14.88937,14.76855,14.72161,14.84133,14.71169,14.82318,15.22387,15.24969,210526,102925,0,0,0,0,0,0,0,0,0,0,0,0,-0.18,-0.123,6.42,11.2,0,15.03278,99.8053,10.05704
"2021-05-26 09:40:00",382,12.13,18.04,11.56,15.12423,14.96539,14.97473,14.88,14.7485,14.73034,14.81466,14.71554,14.80087,15.21261,15.23809,210526,103925,0,0,0,0,0,0,0,0,0,0,0,0,-0.18,-0.124,6.42,11.2,0,15.01191,99.5877,10.03964
"2021-05-26 09:50:00",383,12.13,18.03,11.57,15.12835,14.95449,14.96923,14.84777,14.73037,14.72119,14.81899,14.70562,14.80734,15.21713,15.22585,210526,104925,0,0,0,0,0,0,0,0,0,0,0,0,-0.18,-0.126,6.42,11.2,0,15.00905,99.5628,10.03775
"2021-05-26 10:00:00",384,12.13,18.03,11.57,15.12087,14.9345,14.94924,14.84731,14.7351,14.70562,14.81359,14.70522,14.78463,15.20629,15.21523,210526,105925,0,0,0,0,0,0,0,0,0,0,0,0,-0.18,-0.127,6.42,11.19,0,14.99252,99.6394,10.04905
"2021-05-26 10:30:00",387,12.14,18.21,11.57,15.2846,15.02383,15.10382,15.1267,15.03167,14.99005,15.05859,14.93139,14.99597,15.44988,15.20449,210526,112925,0,0,0,0,0,0,0,0,0,0,0,0,-0.18,-0.128,6.42,11.2,0,15.0798,99.6994,10.03619
"2021-05-26 10:40:00",388,12.13,18.32,11.58,15.34277,15.07391,15.16479,15.22125,15.12167,15.1025,15.16641,15.05429,15.08947,15.54846,15.22051,210526,113925,0,0,0,0,0,0,0,0,0,0,0,0,-0.19,-0.13,6.42,11.2,0,15.11705,99.8213,10.04041
"2021-05-26 10:50:00",389,12.13,18.42,11.57,15.39703,15.11898,15.21884,15.30175,15.22408,15.203,15.26544,15.15875,15.17593,15.64126,15.24108,210526,114925,0,0,0,0,0,0,0,0,0,0,0,0,-0.19,-0.133,6.42,11.2,0,15.14783,99.7612,10.02772
"2021-05-26 11:00:00",390,12.13,18.49,11.57,15.44222,15.15594,15.26165,15.37179,15.29486,15.2871,15.34008,15.24288,15.24554,15.72573,15.26251,210526,115925,0,0,0,0,0,0,0,0,0,0,0,0,-0.19,-0.134,6.42,11.2,0,15.1822,99.9878,10.04304
"2021-05-26 11:10:00",391,12.12,18.55,11.57,15.48437,15.18957,15.29824,15.43383,15.36166,15.3601,15.40417,15.31387,15.30529,15.79922,15.28356,"NAN",120025,0,0,0,0,0,0,0,0,0,0,0,0,-0.19,-0.134,6.42,11.2,0,15.21477,99.7459,10.01174
"2021-05-26 11:20:00",392,12.13,18.59,11.57,15.51669,15.21554,15.3308,15.47888,15.42361,15.42037,15.46746,15.37191,15.35729,15.86508,15.30474,"NAN",120025,0,0,0,0,0,0,0,0,0,0,0,0,-0.19,-0.134,6.42,11.2,0,15.24284,99.7986,10.01097
"2021-05-26 11:30:00",393,12.1,18.63,11.58,15.54782,15.23992,15.35864,15.51318,15.47253,15.4707,15.51306,15.42181,15.40173,15.92144,15.32565,"NAN",120025,0,0,0,0,0,0,0,0,0,0,0,0,-0.19,-0.134,6.42,11.2,0,15.26835,99.9174,10.01741
"2021-05-26 11:40:00",394,12.12,18.67,11.56,15.57015,15.25884,15.38183,15.54534,15.50982,15.51345,15.54678,15.46307,15.44015,15.97128,15.34417,"NAN",120025,0,0,0,0,0,0,0,0,0,0,0,0,-0.19,-0.134,6.42,11.2,0,15.29656,99.8271,10.00229
"2021-05-26 11:50:00",395,12.09,18.7,11.57,15.59149,15.27538,15.4028,15.57565,15.5447,15.55111,15.58218,15.49844,15.47225,16.01101,15.36331,"NAN",120025,0,0,0,0,0,0,0,0,0,0,0,0,-0.19,-0.134,6.42,11.2,0,15.31861,99.7958,9.99441
"2021-05-26 12:00:00",396,12.11,18.65,11.59,15.61386,15.28936,15.42288,15.6015,15.57534,15.58126,15.59948,15.52728,15.49761,16.0458,15.37988,"NAN",120025,0,0,0,0,0,0,0,0,0,0,0,0,-0.19,-0.134,6.42,11.2,0,15.33886,99.7014,9.98063
"2021-05-26 12:10:00",397,12.12,18.52,11.57,15.63049,15.30346,15.44113,15.62225,15.60256,15.60848,15.63449,15.55337,15.52249,16.08239,15.39556,"NAN",120025,0,0,0,0,0,0,0,0,0,0,0,0,-0.19,-0.134,6.42,11.2,0,15.35086,99.7579,9.98372
"2021-05-26 12:20:00",398,12.11,18.44,11.57,15.64575,15.31668,15.45413,15.64291,15.62286,15.63037,15.65502,15.57803,15.54183,16.10598,15.40939,"NAN",120025,0,0,0,0,0,0,0,0,0,0,0,0,-0.19,-0.134,6.42,11.2,0,15.37185,99.7095,9.97438
"2021-05-26 12:30:00",399,12.14,18.4,11.56,15.6575,15.3254,15.46444,15.66122,15.64468,15.64965,15.66909,15.59899,15.55932,16.13467,15.42397,"NAN",120025,0,0,0,0,0,0,0,0,0,0,0,0,-0.19,-0.134,6.42,11.2,0,15.3903,99.7113,9.97061
"2021-05-26 12:40:00",400,12.1,18.38,11.56,15.6719,15.33389,15.47634,15.67977,15.66271,15.66711,15.68923,15.61645,15.57385,16.15698,15.43688,"NAN",120025,0,0,0,0,0,0,0,0,0,0,0,0,-0.19,-0.134,6.42,11.2,0,15.39645,99.6697,9.96513
"2021-05-26 12:50:00",401,12.13,18.38,11.56,15.67895,15.34265,15.48779,15.70388,15.67895,15.68377,15.71221,15.63375,15.58837,16.17388,15.44808,"NAN",120025,0,0,0,0,0,0,0,0,0,0,0,0,-0.19,-0.134,6.42,11.2,0,15.4164,99.8178,9.97566
"2021-05-26 13:00:00",402,12.1,18.38,11.57,15.6932,15.35232,15.49938,15.73013,15.69857,15.70553,15.73425,15.64947,15.61062,16.19015,15.4595,"NAN",120025,0,0,0,0,0,0,0,0,0,0,0,0,-0.19,-0.134,6.42,11.2,0,15.43018,99.5339,9.94436
"2021-05-26 13:10:00",403,12.13,18.38,11.56,15.70684,15.3623,15.5097,15.75735,15.71771,15.72616,15.75714,15.6668,15.62621,16.21023,15.47103,"NAN",120025,0,0,0,0,0,0,0,0,0,0,0,0,-0.19,-0.134,6.42,11.2,0,15.43979,99.5782,9.94673
"2021-05-26 13:20:00",404,12.11,18.39,11.56,15.72006,15.37536,15.52111,15.78289,15.73571,15.74621,15.7832,15.68398,15.64901,16.22604,15.48168,"NAN",120025,0,0,0,0,0,0,0,0,0,0,0,0,-0.19,-0.134,6.42,11.2,0,15.45583,99.6221,9.94771
"2021-05-26 13:30:00",405,12.13,18.41,11.55,15.73327,15.38464,15.53439,15.81371,15.75457,15.76617,15.80566,15.7015,15.67095,16.24182,15.49374,"NAN",120025,0,0,0,0,0,0,0,0,0,0,0,0,-0.19,-0.134,6.42,11.2,0,15.46362,99.7106,9.95487
"2021-05-26 13:40:00",406,12.1,18.42,11.56,15.74767,15.3955,15.54641,15.8366,15.77423,15.78567,15.8244,15.71929,15.69027,16.25744,15.50512,"NAN",120025,0,0,0,0,0,0,0,0,0,0,0,0,-0.19,-0.134,6.42,11.2,0,15.48414,99.6537,9.94483
"2021-05-26 13:50:00",407,12.1,18.45,11.55,15.76898,15.41171,15.56448,15.87094,15.79461,15.80917,15.87338,15.74441,15.71337,16.27944,15.51681,"NAN",120025,0,0,0,0,0,0,0,0,0,0,0,0,-0.19,-0.134,6.42,11.2,0,15.49748,99.609,9.93753
"2021-05-26 14:00:00",408,12.1,18.68,11.55,15.78573,15.4222,15.57833,15.89572,15.82247,15.83334,15.89919,15.76516,15.7358,16.29769,15.5296,"NAN",120025,0,0,0,0,0,0,0,0,0,0,0,0,-0.19,-0.134,6.42,11.2,0,15.50842,99.4667,9.92102
"2021-05-26 14:10:00",409,12.1,18.81,11.54,15.81509,15.45092,15.60845,15.92318,15.86028,15.85894,15.92636,15.79354,15.77441,16.30874,15.5444,"NAN",120025,0,0,0,0,0,0,0,0,0,0,0,0,-0.19,-0.134,6.42,11.2,0,15.53331,99.4644,9.91551
"2021-05-26 14:20:00",410,12.1,18.86,11.53,15.78134,15.44631,15.58947,15.8402,15.76531,15.77764,15.83114,15.71527,15.73855,16.21331,15.55395,"NAN",120025,0,0,0,0,0,0,0,0,0,0,0,0,-0.19,-0.134,6.42,11.2,0,15.527,99.405,9.91091
